Survived,Pclass(1),Pclass(2),Pclass(3),Name('Mr'),Name('Mrs'),Name('Miss'),Name('Master'),Name('Other'),Sex,Age,Siblings/Spouses Aboard,Parents/Children Aboard,Fare
0,0.0,0.0,1.0,1.0,0.0,0.0,0.0,0.0,0,-0.1764553357524417,0.3010299956639812,0.0,0.04600427124062826
1,1.0,0.0,0.0,0.0,1.0,0.0,0.0,0.0,1,0.201421514396061,0.3010299956639812,0.0,0.47500386940966266
1,0.0,0.0,1.0,0.0,0.0,1.0,0.0,0.0,1,-0.08198612321531602,0.0,0.0,0.050526523393244135
1,1.0,0.0,0.0,0.0,1.0,0.0,0.0,0.0,1,0.13056960499321676,0.3010299956639812,0.0,0.3531824359775734
0,0.0,0.0,1.0,1.0,0.0,0.0,0.0,0.0,0,0.13056960499321676,0.0,0.0,0.051363977495580415
0,0.0,0.0,1.0,1.0,0.0,0.0,0.0,0.0,0,-0.058368820081034604,0.0,0.0,0.05409943757545161
0,1.0,0.0,0.0,1.0,0.0,0.0,0.0,0.0,0,0.5792983645445637,0.0,0.0,0.34489164036444425
0,0.0,0.0,1.0,0.0,0.0,0.0,1.0,0.0,0,-0.64880139843807,0.6020599913279624,0.3010299956639812,0.1386266949590201
1,0.0,0.0,1.0,0.0,1.0,0.0,0.0,0.0,1,-0.058368820081034604,0.0,0.47712125471966244,0.07202095536544786
1,0.0,1.0,0.0,0.0,1.0,0.0,0.0,0.0,1,-0.36539376082669306,0.3010299956639812,0.0,0.19889525186939327
1,0.0,0.0,1.0,0.0,0.0,1.0,0.0,0.0,1,-0.6015667921695073,0.3010299956639812,0.3010299956639812,0.10931580137725053
1,1.0,0.0,0.0,0.0,0.0,1.0,0.0,0.0,1,0.6737675770816894,0.0,0.0,0.1753071846413489
0,0.0,0.0,1.0,1.0,0.0,0.0,0.0,0.0,0,-0.22368994202100453,0.0,0.0,0.051363977495580415
0,0.0,0.0,1.0,1.0,0.0,0.0,0.0,0.0,0,0.22503881753034244,0.3010299956639812,0.7781512503836436,0.20696294970966
0,0.0,0.0,1.0,0.0,0.0,1.0,0.0,0.0,1,-0.36539376082669306,0.0,0.0,0.05005218938968087
1,0.0,1.0,0.0,0.0,1.0,0.0,0.0,0.0,1,0.6029156676788451,0.0,0.0,0.1046260584041674
0,0.0,0.0,1.0,0.0,0.0,0.0,1.0,0.0,0,-0.64880139843807,0.6989700043360189,0.3010299956639812,0.1925587391494761
1,0.0,1.0,0.0,1.0,0.0,0.0,0.0,0.0,0,-0.15283803261816029,0.0,0.0,0.08452715994809684
0,0.0,0.0,1.0,0.0,1.0,0.0,0.0,0.0,1,0.03610039245609108,0.3010299956639812,0.0,0.11802532404154777
1,0.0,0.0,1.0,0.0,1.0,0.0,0.0,0.0,1,-0.1764553357524417,0.0,0.0,0.045836780420161004
0,0.0,1.0,0.0,1.0,0.0,0.0,0.0,0.0,0,0.13056960499321676,0.0,0.0,0.17162238659106926
1,0.0,1.0,0.0,1.0,0.0,0.0,0.0,0.0,0,0.10695230185893533,0.0,0.0,0.08452715994809684
1,0.0,0.0,1.0,0.0,0.0,1.0,0.0,0.0,1,-0.3417764576924116,0.0,0.0,0.05122462513295165
1,1.0,0.0,0.0,1.0,0.0,0.0,0.0,0.0,0,-0.034751516946753186,0.0,0.0,0.23526889836862608
0,0.0,0.0,1.0,0.0,0.0,1.0,0.0,0.0,1,-0.5070975796323816,0.6020599913279624,0.3010299956639812,0.1386266949590201
1,0.0,0.0,1.0,0.0,1.0,0.0,0.0,0.0,1,0.201421514396061,0.3010299956639812,0.7781512503836436,0.20771665840176265
0,0.0,0.0,1.0,1.0,0.0,0.0,0.0,0.0,0,-0.08198612321531602,0.0,0.0,0.045836780420161004
0,1.0,0.0,0.0,1.0,0.0,0.0,0.0,0.0,0,-0.24730724515528596,0.6020599913279624,0.47712125471966244,1.7594353646206442
1,0.0,0.0,1.0,0.0,0.0,1.0,0.0,0.0,1,-0.12922072948387886,0.0,0.0,0.050219680210148124
0,0.0,0.0,1.0,1.0,0.0,0.0,0.0,0.0,0,-0.15283803261816029,0.0,0.0,0.050330894114938386
0,1.0,0.0,0.0,0.0,0.0,0.0,0.0,1.0,0,0.24865612066462384,0.0,0.0,0.18315111474547136
1,1.0,0.0,0.0,0.0,1.0,0.0,0.0,0.0,1,0.4375945457388752,0.3010299956639812,0.0,0.9790674936058658
1,0.0,0.0,1.0,0.0,0.0,1.0,0.0,0.0,1,-0.27092454828956736,0.0,0.0,0.04935408764997335
0,0.0,1.0,0.0,1.0,0.0,0.0,0.0,0.0,0,0.8627060021559408,0.0,0.0,0.06777807790137137
0,1.0,0.0,0.0,1.0,0.0,0.0,0.0,0.0,0,-0.034751516946753186,0.3010299956639812,0.0,0.5479461217231522
0,1.0,0.0,0.0,1.0,0.0,0.0,0.0,0.0,0,0.2958907269331867,0.3010299956639812,0.0,0.34581283987701417
1,0.0,0.0,1.0,1.0,0.0,0.0,0.0,0.0,0,-0.27092454828956736,0.0,0.0,0.0458649188779995
0,0.0,0.0,1.0,1.0,0.0,0.0,0.0,0.0,0,-0.2000726388867231,0.0,0.0,0.051363977495580415
0,0.0,0.0,1.0,0.0,0.0,1.0,0.0,0.0,1,-0.27092454828956736,0.47712125471966244,0.0,0.11802532404154777
1,0.0,0.0,1.0,0.0,0.0,1.0,0.0,0.0,1,-0.36539376082669306,0.3010299956639812,0.0,0.07274719556299389
0,0.0,0.0,1.0,0.0,1.0,0.0,0.0,0.0,1,0.24865612066462384,0.3010299956639812,0.0,0.06091095426221393
0,0.0,1.0,0.0,0.0,1.0,0.0,0.0,0.0,1,-0.058368820081034604,0.3010299956639812,0.0,0.13812422249761833
1,0.0,1.0,0.0,0.0,0.0,1.0,0.0,0.0,1,-0.6251840953037887,0.3010299956639812,0.47712125471966244,0.27599730620000745
1,0.0,0.0,1.0,0.0,0.0,1.0,0.0,0.0,1,-0.24730724515528596,0.0,0.0,0.050219680210148124
0,0.0,0.0,1.0,1.0,0.0,0.0,0.0,0.0,0,0.012483089321809655,0.0,0.0,0.051363977495580415
0,0.0,0.0,1.0,1.0,0.0,0.0,0.0,0.0,0,-0.22368994202100453,0.3010299956639812,0.0,0.10127624199482231
1,0.0,0.0,1.0,0.0,0.0,1.0,0.0,0.0,1,-0.058368820081034604,0.0,0.0,0.04935408764997335
0,0.0,0.0,1.0,1.0,0.0,0.0,0.0,0.0,0,-0.3181591545581302,0.47712125471966244,0.0,0.14267461310807272
0,0.0,0.0,1.0,0.0,1.0,0.0,0.0,0.0,1,-0.27092454828956736,0.3010299956639812,0.0,0.11668539747780973
0,0.0,0.0,1.0,0.0,0.0,0.0,1.0,0.0,0,-0.530714882766663,0.6989700043360189,0.3010299956639812,0.2633236107968912
0,0.0,0.0,1.0,1.0,0.0,0.0,0.0,0.0,0,-0.2000726388867231,0.0,0.0,0.04968906929090786
1,1.0,0.0,0.0,0.0,1.0,0.0,0.0,0.0,1,0.46121184887315664,0.3010299956639812,0.0,0.5114893997769676
1,0.0,1.0,0.0,0.0,1.0,0.0,0.0,0.0,1,-0.011134213812471764,0.3010299956639812,0.0,0.17162238659106926
0,1.0,0.0,0.0,1.0,0.0,0.0,0.0,0.0,0,0.8390886990216594,0.0,0.3010299956639812,0.4126698157012873
1,1.0,0.0,0.0,1.0,0.0,0.0,0.0,0.0,0,0.3903599394703124,0.0,0.0,0.23526889836862608
1,0.0,1.0,0.0,0.0,0.0,1.0,0.0,0.0,1,-0.2000726388867231,0.0,0.0,0.06777807790137137
0,0.0,0.0,1.0,1.0,0.0,0.0,0.0,0.0,0,-0.022942865379612473,0.0,0.0,0.0458649188779995
1,0.0,1.0,0.0,0.0,0.0,1.0,0.0,0.0,1,-0.5779494890352258,0.3010299956639812,0.47712125471966244,0.1833467440237771
0,0.0,0.0,1.0,0.0,0.0,0.0,1.0,0.0,0,-0.4362456702295373,0.7781512503836436,0.47712125471966244,0.3116447125016942
0,0.0,0.0,1.0,1.0,0.0,0.0,0.0,0.0,0,-0.1764553357524417,0.0,0.0,0.0458649188779995
1,1.0,0.0,0.0,0.0,0.0,1.0,0.0,0.0,1,0.201421514396061,0.0,0.0,0.5334025588003395
0,1.0,0.0,0.0,1.0,0.0,0.0,0.0,0.0,0,0.36674263633603094,0.3010299956639812,0.0,0.5566837828452879
0,0.0,0.0,1.0,0.0,0.0,0.0,1.0,0.0,0,-0.6015667921695073,0.6020599913279624,0.47712125471966244,0.18435168894658063
0,1.0,0.0,0.0,1.0,0.0,0.0,0.0,0.0,0,0.8154713958873779,0.0,0.0,0.18315111474547136
1,0.0,0.0,1.0,0.0,0.0,0.0,1.0,0.0,0,-0.530714882766663,0.3010299956639812,0.3010299956639812,0.09957319533231127
1,0.0,1.0,0.0,0.0,1.0,0.0,0.0,0.0,1,-0.011134213812471764,0.0,0.0,0.06777807790137137
0,0.0,0.0,1.0,1.0,0.0,0.0,0.0,0.0,0,-0.24730724515528596,0.0,0.0,0.05208954772984456
1,0.0,0.0,1.0,0.0,0.0,1.0,0.0,0.0,1,-0.2945418514238488,0.6989700043360189,0.47712125471966244,0.050526523393244135
0,0.0,0.0,1.0,1.0,0.0,0.0,0.0,0.0,0,-0.08198612321531602,0.47712125471966244,0.0,0.055467502597028144
0,0.0,1.0,0.0,1.0,0.0,0.0,0.0,0.0,0,0.059717695590372495,0.0,0.0,0.06777807790137137
0,0.0,0.0,1.0,0.0,0.0,1.0,0.0,0.0,1,-0.3181591545581302,0.7781512503836436,0.47712125471966244,0.3116447125016942
0,0.0,1.0,0.0,1.0,0.0,0.0,0.0,0.0,0,-0.2000726388867231,0.0,0.0,0.4898549454788532
0,0.0,0.0,1.0,1.0,0.0,0.0,0.0,0.0,0,-0.08198612321531602,0.3010299956639812,0.0,0.09426976599303612
1,0.0,0.0,1.0,1.0,0.0,0.0,0.0,0.0,0,0.059717695590372495,0.0,0.0,0.3759330491032815
0,0.0,0.0,1.0,1.0,0.0,0.0,0.0,0.0,0,-0.10560342634959743,0.0,0.0,0.048684124368104334
0,0.0,0.0,1.0,1.0,0.0,0.0,0.0,0.0,0,-0.15283803261816029,0.0,0.0,0.050330894114938386
0,0.0,0.0,1.0,1.0,0.0,0.0,0.0,0.0,0,-0.034751516946753186,0.0,0.0,0.051363977495580415
1,0.0,1.0,0.0,0.0,0.0,0.0,1.0,0.0,0,-0.6764336431051794,0.0,0.47712125471966244,0.19172128504713984
1,0.0,0.0,1.0,0.0,0.0,1.0,0.0,0.0,1,0.012483089321809655,0.0,0.0,0.0810098527182845
0,0.0,0.0,1.0,1.0,0.0,0.0,0.0,0.0,0,-0.1764553357524417,0.0,0.0,0.057728628673336085
1,0.0,0.0,1.0,1.0,0.0,0.0,0.0,0.0,0,-0.011134213812471764,0.0,0.0,0.06107844508268118
1,0.0,0.0,1.0,0.0,0.0,1.0,0.0,0.0,1,0.03610039245609108,0.0,0.0,0.049605323880674235
0,1.0,0.0,0.0,1.0,0.0,0.0,0.0,0.0,0,-0.034751516946753186,0.0,0.0,0.3129846390654323
1,0.0,1.0,0.0,0.0,0.0,1.0,0.0,0.0,1,-0.2945418514238488,0.0,0.0,0.06777807790137137
1,0.0,0.0,1.0,0.0,1.0,0.0,0.0,0.0,1,0.08333499872465391,0.6020599913279624,0.0,0.10362111348136388
0,0.0,0.0,1.0,1.0,0.0,0.0,0.0,0.0,0,-0.3181591545581302,0.3010299956639812,0.6020599913279624,0.2277318114475996
0,0.0,0.0,1.0,1.0,0.0,0.0,0.0,0.0,0,-0.22368994202100453,0.0,0.0,0.051363977495580415
1,1.0,0.0,0.0,0.0,0.0,1.0,0.0,0.0,1,-0.15283803261816029,0.6020599913279624,0.47712125471966244,1.7594353646206442
0,0.0,0.0,1.0,1.0,0.0,0.0,0.0,0.0,0,-0.12922072948387886,0.0,0.0,0.051363977495580415
0,0.0,0.0,1.0,1.0,0.0,0.0,0.0,0.0,0,-0.011134213812471764,0.0,0.0,0.051363977495580415
0,0.0,0.0,1.0,1.0,0.0,0.0,0.0,0.0,0,-0.22368994202100453,0.0,0.0,0.05005218938968087
0,1.0,0.0,0.0,1.0,0.0,0.0,0.0,0.0,0,0.3903599394703124,0.3010299956639812,0.0,0.4072819709884966
0,0.0,0.0,1.0,1.0,0.0,0.0,0.0,0.0,0,-0.08198612321531602,0.3010299956639812,0.47712125471966244,0.135276878549675
0,0.0,0.0,1.0,1.0,0.0,0.0,0.0,0.0,0,0.6973848802159708,0.0,0.0,0.04600427124062826
0,0.0,0.0,1.0,1.0,0.0,0.0,0.0,0.0,0,-0.1764553357524417,0.0,0.0,0.051363977495580415
0,1.0,0.0,0.0,1.0,0.0,0.0,0.0,0.0,0,0.9807925178273479,0.0,0.0,0.22960234893057793
1,1.0,0.0,0.0,1.0,0.0,0.0,0.0,0.0,0,-0.15283803261816029,0.0,0.3010299956639812,0.42190927932154293
1,0.0,1.0,0.0,0.0,1.0,0.0,0.0,0.0,1,0.10695230185893533,0.0,0.3010299956639812,0.15152348813499872
0,0.0,1.0,0.0,1.0,0.0,0.0,0.0,0.0,0,0.10695230185893533,0.3010299956639812,0.0,0.17162238659106926
0,0.0,0.0,1.0,0.0,0.0,1.0,0.0,0.0,1,-0.034751516946753186,0.0,0.0,0.050330894114938386
0,0.0,0.0,1.0,1.0,0.0,0.0,0.0,0.0,0,-0.011134213812471764,0.0,0.0,0.050330894114938386
0,1.0,0.0,0.0,1.0,0.0,0.0,0.0,0.0,0,-0.2000726388867231,0.0,0.3010299956639812,0.5152298047796423
0,0.0,0.0,1.0,1.0,0.0,0.0,0.0,0.0,0,0.08333499872465391,0.0,0.0,0.055411895644633016
0,0.0,0.0,1.0,1.0,0.0,0.0,0.0,0.0,0,0.1778042112617796,0.47712125471966244,0.0,0.050526523393244135
0,0.0,0.0,1.0,1.0,0.0,0.0,0.0,0.0,0,-0.034751516946753186,0.0,0.0,0.050330894114938386
1,0.0,0.0,1.0,0.0,0.0,1.0,0.0,0.0,1,-0.2000726388867231,0.0,0.0,0.048684124368104334
1,0.0,0.0,1.0,1.0,0.0,0.0,0.0,0.0,0,-0.011134213812471764,0.0,0.0,0.04952157847044061
0,0.0,0.0,1.0,1.0,0.0,0.0,0.0,0.0,0,0.201421514396061,0.0,0.0,0.050330894114938386
1,0.0,0.0,1.0,0.0,0.0,1.0,0.0,0.0,1,-0.034751516946753186,0.3010299956639812,0.0,0.1592280658764924
0,1.0,0.0,0.0,1.0,0.0,0.0,0.0,0.0,0,0.4139772426045938,0.0,0.0,0.34581283987701417
0,0.0,0.0,1.0,0.0,0.0,1.0,0.0,0.0,1,-0.35358510925955233,0.3010299956639812,0.0,0.09426976599303612
0,0.0,0.0,1.0,1.0,0.0,0.0,0.0,0.0,0,-0.1764553357524417,0.0,0.0,0.051363977495580415
0,0.0,0.0,1.0,0.0,0.0,1.0,0.0,0.0,1,-0.22368994202100453,0.3010299956639812,0.0,0.06325582574875549
0,0.0,0.0,1.0,0.0,0.0,1.0,0.0,0.0,1,-0.2945418514238488,0.0,0.0,0.09429723448759274
0,0.0,0.0,1.0,1.0,0.0,0.0,0.0,0.0,0,-0.2000726388867231,0.0,0.0,0.050526523393244135
0,0.0,0.0,1.0,1.0,0.0,0.0,0.0,0.0,0,0.9689838662602072,0.0,0.0,0.04935408764997335
0,0.0,1.0,0.0,1.0,0.0,0.0,0.0,0.0,0,-0.011134213812471764,0.3010299956639812,0.0,0.13812422249761833
0,1.0,0.0,0.0,1.0,0.0,0.0,0.0,0.0,0,-0.12922072948387886,0.0,0.3010299956639812,1.6557304082935749
0,0.0,0.0,1.0,0.0,0.0,1.0,0.0,0.0,1,-0.64880139843807,0.6989700043360189,0.47712125471966244,0.20696294970966
0,0.0,1.0,0.0,1.0,0.0,0.0,0.0,0.0,0,-0.2000726388867231,0.47712125471966244,0.0,0.4898549454788532
0,0.0,0.0,1.0,1.0,0.0,0.0,0.0,0.0,0,-0.24730724515528596,0.0,0.0,0.051363977495580415
0,0.0,1.0,0.0,1.0,0.0,0.0,0.0,0.0,0,0.0715263471575132,0.3010299956639812,0.0,0.19889525186939327
1,0.0,1.0,0.0,0.0,0.0,1.0,0.0,0.0,1,0.0715263471575132,0.0,0.0,0.08452715994809684
0,1.0,0.0,0.0,1.0,0.0,0.0,0.0,0.0,0,0.5792983645445637,0.0,0.3010299956639812,0.5152298047796423
1,0.0,0.0,1.0,0.0,0.0,0.0,1.0,0.0,0,-0.4126283670952559,0.3010299956639812,0.0,0.07274719556299389
0,0.0,0.0,1.0,1.0,0.0,0.0,0.0,0.0,0,-0.24730724515528596,0.0,0.0,0.04935408764997335
1,0.0,0.0,1.0,1.0,0.0,0.0,0.0,0.0,0,-0.12922072948387886,0.0,0.0,0.045278701006364115
1,0.0,0.0,1.0,0.0,0.0,1.0,0.0,0.0,1,-0.64880139843807,0.3010299956639812,0.3010299956639812,0.1472243337552452
0,0.0,0.0,1.0,1.0,0.0,0.0,0.0,0.0,0,0.36674263633603094,0.0,0.0,0.04416187221548845
0,0.0,0.0,1.0,1.0,0.0,0.0,0.0,0.0,0,0.08333499872465391,0.0,0.0,0.050330894114938386
0,0.0,0.0,1.0,1.0,0.0,0.0,0.0,0.0,0,-0.22368994202100453,0.0,0.0,0.04466434467689022
0,0.0,0.0,1.0,0.0,1.0,0.0,0.0,0.0,1,0.4139772426045938,0.3010299956639812,0.0,0.09457660917613213
1,0.0,1.0,0.0,0.0,1.0,0.0,0.0,0.0,1,-0.011134213812471764,0.3010299956639812,0.0,0.17162238659106926
0,0.0,1.0,0.0,1.0,0.0,0.0,0.0,0.0,0,-0.10560342634959743,0.0,0.0,0.08452715994809684
0,0.0,1.0,0.0,1.0,0.0,0.0,0.0,0.0,0,-0.15283803261816029,0.0,0.0,0.09823326876857323
1,1.0,0.0,0.0,0.0,0.0,1.0,0.0,0.0,1,-0.24730724515528596,0.0,0.47712125471966244,0.17352039256860421
0,1.0,0.0,0.0,1.0,0.0,0.0,0.0,0.0,0,0.1778042112617796,0.3010299956639812,0.0,0.3531824359775734
0,0.0,0.0,1.0,1.0,0.0,0.0,0.0,0.0,0,-0.3181591545581302,0.0,0.0,0.05918043910514625
0,1.0,0.0,0.0,1.0,0.0,0.0,0.0,0.0,0,-0.12922072948387886,0.0,0.0,0.5280428525453873
0,0.0,0.0,1.0,0.0,1.0,0.0,0.0,0.0,1,0.24865612066462384,0.0,0.47712125471966244,0.09957319533231127
1,0.0,0.0,1.0,0.0,0.0,1.0,0.0,0.0,1,-0.1764553357524417,0.0,0.0,0.04935408764997335
1,0.0,0.0,1.0,0.0,1.0,0.0,0.0,0.0,1,-0.12922072948387886,0.3010299956639812,0.0,0.10362111348136388
0,0.0,0.0,1.0,1.0,0.0,0.0,0.0,0.0,0,-0.24730724515528596,0.0,0.0,0.04265445483128316
0,0.0,1.0,0.0,1.0,0.0,0.0,0.0,0.0,0,-0.27092454828956736,0.0,0.0,0.07447771072006155
0,0.0,1.0,0.0,1.0,0.0,0.0,0.0,0.0,0,-0.24730724515528596,0.3010299956639812,0.3010299956639812,0.2436434393919888
1,0.0,0.0,1.0,1.0,0.0,0.0,0.0,0.0,0,-0.058368820081034604,0.0,0.0,0.04966093083306936
0,0.0,0.0,1.0,0.0,0.0,1.0,0.0,0.0,1,-0.48348027649810016,0.47712125471966244,0.47712125471966244,0.2277318114475996
0,0.0,1.0,0.0,1.0,0.0,0.0,0.0,0.0,0,0.1659955596946389,0.0,0.47712125471966244,0.17162238659106926
0,0.0,1.0,0.0,0.0,0.0,0.0,0.0,1.0,0,0.2958907269331867,0.0,0.0,0.08452715994809684
0,0.0,1.0,0.0,0.0,0.0,0.0,0.0,1.0,0,0.5084464551417195,0.0,0.0,0.081344834359219
1,1.0,0.0,0.0,0.0,1.0,0.0,0.0,0.0,1,-0.1764553357524417,0.3010299956639812,0.0,0.44362747902989086
0,0.0,0.0,1.0,1.0,0.0,0.0,0.0,0.0,0,0.6147243192459858,0.0,0.0,0.051363977495580415
0,0.0,0.0,1.0,1.0,0.0,0.0,0.0,0.0,0,0.26046477223176456,0.0,0.47712125471966244,0.09457660917613213
0,0.0,0.0,1.0,1.0,0.0,0.0,0.0,0.0,0,-0.058368820081034604,0.0,0.0,0.04642299829179639
0,1.0,0.0,0.0,1.0,0.0,0.0,0.0,0.0,0,0.5084464551417195,0.0,0.3010299956639812,0.40865003601007316
1,0.0,0.0,1.0,0.0,0.0,1.0,0.0,0.0,1,-0.3181591545581302,0.0,0.0,0.04924220378190122
0,0.0,0.0,1.0,1.0,0.0,0.0,0.0,0.0,0,0.012483089321809655,0.0,0.0,0.051363977495580415
0,0.0,0.0,1.0,1.0,0.0,0.0,0.0,0.0,0,0.1778042112617796,0.0,0.0,0.055467502597028144
0,0.0,0.0,1.0,0.0,0.0,0.0,1.0,0.0,0,-0.5779494890352258,0.9542425094393249,0.47712125471966244,0.463391395845027
0,0.0,0.0,1.0,1.0,0.0,0.0,0.0,0.0,0,0.34312533320174954,0.0,0.3010299956639812,0.10529602168603644
1,0.0,1.0,0.0,0.0,1.0,0.0,0.0,0.0,1,0.24865612066462384,0.0,0.0,0.10295115019949486
0,0.0,0.0,1.0,1.0,0.0,0.0,0.0,0.0,0,-0.08198612321531602,0.0,0.0,0.04952157847044061
0,0.0,0.0,1.0,1.0,0.0,0.0,0.0,0.0,0,-0.2945418514238488,0.0,0.0,0.055467502597028144
0,0.0,0.0,1.0,0.0,0.0,0.0,1.0,0.0,0,-0.6724187015723515,0.6989700043360189,0.3010299956639812,0.2633236107968912
1,0.0,0.0,1.0,0.0,0.0,0.0,1.0,0.0,0,-0.48348027649810016,0.0,0.47712125471966244,0.13494189690874048
1,1.0,0.0,0.0,0.0,1.0,0.0,0.0,0.0,1,0.4375945457388752,0.0,0.3010299956639812,0.3659117383330847
0,0.0,0.0,1.0,0.0,1.0,0.0,0.0,0.0,1,0.36674263633603094,0.3010299956639812,0.6989700043360189,0.18435168894658063
0,1.0,0.0,0.0,1.0,0.0,0.0,0.0,0.0,0,0.7210021833502522,0.0,0.0,0.1711199141296675
0,0.0,0.0,1.0,1.0,0.0,0.0,0.0,0.0,0,-0.034751516946753186,0.0,0.0,0.3759330491032815
0,1.0,0.0,0.0,1.0,0.0,0.0,0.0,0.0,0,0.7446194864845337,0.0,0.0,0.2218696327312457
0,0.0,0.0,1.0,0.0,0.0,0.0,1.0,0.0,0,-0.6015667921695073,0.6989700043360189,0.3010299956639812,0.1925587391494761
1,0.0,0.0,1.0,0.0,0.0,1.0,0.0,0.0,1,-0.6724187015723515,0.3010299956639812,0.3010299956639812,0.07202095536544786
0,0.0,0.0,1.0,1.0,0.0,0.0,0.0,0.0,0,-0.2000726388867231,0.0,0.0,0.050526523393244135
0,1.0,0.0,0.0,1.0,0.0,0.0,0.0,0.0,0,0.6265329708131265,0.0,0.0,0.20308252238107466
0,0.0,0.0,1.0,1.0,0.0,0.0,0.0,0.0,0,-0.27092454828956736,0.3010299956639812,0.3010299956639812,0.05005218938968087
0,0.0,0.0,1.0,0.0,0.0,0.0,1.0,0.0,0,-0.5779494890352258,0.6020599913279624,0.3010299956639812,0.16804947240886178
0,1.0,0.0,0.0,0.0,0.0,1.0,0.0,0.0,1,0.48482915200743804,0.0,0.0,0.18979514061176642
0,0.0,1.0,0.0,1.0,0.0,0.0,0.0,0.0,0,0.012483089321809655,0.0,0.0,0.08452715994809684
0,0.0,0.0,1.0,1.0,0.0,0.0,0.0,0.0,0,0.15418690812749816,0.0,0.0,-0.002568066694875608
0,0.0,0.0,1.0,0.0,0.0,1.0,0.0,0.0,1,-0.5070975796323816,0.9542425094393249,0.47712125471966244,0.463391395845027
0,0.0,1.0,0.0,1.0,0.0,0.0,0.0,0.0,0,0.22503881753034244,0.0,0.0,0.09826140722641173
0,0.0,0.0,1.0,0.0,0.0,0.0,1.0,0.0,0,-0.48348027649810016,0.6989700043360189,0.47712125471966244,0.20771665840176265
1,0.0,1.0,0.0,0.0,0.0,0.0,1.0,0.0,0,-0.6724187015723515,0.47712125471966244,0.3010299956639812,0.25871761323404174
1,0.0,0.0,1.0,0.0,0.0,1.0,0.0,0.0,1,-0.6015667921695073,0.0,0.47712125471966244,0.14499134613677578
0,1.0,0.0,0.0,1.0,0.0,0.0,0.0,0.0,0,0.22503881753034244,0.0,0.0,0.3324135742396338
1,0.0,0.0,1.0,0.0,1.0,0.0,0.0,0.0,1,-0.08198612321531602,0.3010299956639812,0.0,0.10127624199482231
1,1.0,0.0,0.0,1.0,0.0,0.0,0.0,0.0,0,0.36674263633603094,0.0,0.0,0.1753071846413489
0,0.0,0.0,1.0,1.0,0.0,0.0,0.0,0.0,0,0.24865612066462384,0.3010299956639812,0.3010299956639812,0.10127624199482231
0,0.0,0.0,1.0,1.0,0.0,0.0,0.0,0.0,0,0.15418690812749816,0.0,0.0,0.050330894114938386
1,0.0,1.0,0.0,0.0,1.0,0.0,0.0,0.0,1,0.059717695590372495,0.0,0.0,0.08452715994809684
0,0.0,1.0,0.0,1.0,0.0,0.0,0.0,0.0,0,-0.24730724515528596,0.0,0.0,0.08452715994809684
1,0.0,0.0,1.0,0.0,0.0,1.0,0.0,0.0,1,-0.24730724515528596,0.3010299956639812,0.0,0.05005218938968087
1,0.0,1.0,0.0,0.0,0.0,0.0,1.0,0.0,0,-0.6251840953037887,0.3010299956639812,0.3010299956639812,0.17162238659106926
1,1.0,0.0,0.0,0.0,1.0,0.0,0.0,0.0,1,0.34312533320174954,0.0,0.0,0.18315111474547136
1,1.0,0.0,0.0,0.0,0.0,1.0,0.0,0.0,1,0.6737675770816894,0.0,0.0,0.9790674936058658
0,0.0,0.0,1.0,1.0,0.0,0.0,0.0,0.0,0,-0.034751516946753186,0.0,0.0,0.04935408764997335
0,0.0,0.0,1.0,1.0,0.0,0.0,0.0,0.0,0,0.2958907269331867,0.0,0.3010299956639812,0.05373698743996047
1,0.0,0.0,1.0,0.0,0.0,1.0,0.0,0.0,1,-0.2000726388867231,0.0,0.0,0.04935408764997335
0,0.0,1.0,0.0,0.0,0.0,1.0,0.0,0.0,1,-0.12922072948387886,0.0,0.0,0.08452715994809684
0,0.0,0.0,1.0,1.0,0.0,0.0,0.0,0.0,0,-0.034751516946753186,0.0,0.0,0.06107844508268118
0,0.0,0.0,1.0,1.0,0.0,0.0,0.0,0.0,0,-0.2945418514238488,0.9542425094393249,0.47712125471966244,0.463391395845027
0,0.0,0.0,1.0,1.0,0.0,0.0,0.0,0.0,0,0.10695230185893533,0.0,0.0,0.040951408168772116
0,0.0,0.0,1.0,1.0,0.0,0.0,0.0,0.0,0,0.37855128790317166,0.0,0.0,0.045836780420161004
1,0.0,0.0,1.0,1.0,0.0,0.0,0.0,0.0,0,-0.27092454828956736,0.0,0.0,0.051363977495580415
0,0.0,0.0,1.0,0.0,0.0,1.0,0.0,0.0,1,-0.64880139843807,0.0,0.3010299956639812,0.0675268416706705
0,0.0,0.0,1.0,1.0,0.0,0.0,0.0,0.0,0,0.059717695590372495,0.3010299956639812,0.0,0.10362111348136388
1,0.0,0.0,1.0,1.0,0.0,0.0,0.0,0.0,0,-0.08198612321531602,0.0,0.0,0.12330128488626631
1,0.0,0.0,1.0,0.0,0.0,1.0,0.0,0.0,1,-0.3181591545581302,0.0,0.0,0.04935408764997335
1,1.0,0.0,0.0,1.0,0.0,0.0,0.0,0.0,0,0.24865612066462384,0.0,0.0,0.20512055068452023
0,0.0,0.0,1.0,1.0,0.0,0.0,0.0,0.0,0,-0.12922072948387886,0.0,0.0,0.04466434467689022
1,0.0,1.0,0.0,0.0,0.0,1.0,0.0,0.0,1,0.13056960499321676,0.0,0.0,0.13812422249761833
0,0.0,0.0,1.0,1.0,0.0,0.0,0.0,0.0,0,-0.1764553357524417,0.0,0.0,0.04600427124062826
0,0.0,1.0,0.0,1.0,0.0,0.0,0.0,0.0,0,0.012483089321809655,0.0,0.0,0.08452715994809684
0,0.0,0.0,1.0,1.0,0.0,0.0,0.0,0.0,0,-0.1764553357524417,0.3010299956639812,0.0,0.04935408764997335
1,1.0,0.0,0.0,0.0,0.0,1.0,0.0,0.0,1,0.03610039245609108,0.3010299956639812,0.0,0.7563328408422555
1,0.0,0.0,1.0,0.0,0.0,1.0,0.0,0.0,1,-0.058368820081034604,0.0,0.0,0.050526523393244135
0,0.0,1.0,0.0,1.0,0.0,0.0,0.0,0.0,0,0.2958907269331867,0.3010299956639812,0.0,0.17832201940975947
1,1.0,0.0,0.0,0.0,0.0,1.0,0.0,0.0,1,0.059717695590372495,0.0,0.0,0.5085583104187906
0,0.0,1.0,0.0,1.0,0.0,0.0,0.0,0.0,0,0.012483089321809655,0.0,0.0,0.06777807790137137
1,0.0,0.0,1.0,1.0,0.0,0.0,0.0,0.0,0,-0.3181591545581302,0.0,0.0,0.051363977495580415
0,0.0,1.0,0.0,1.0,0.0,0.0,0.0,0.0,0,-0.058368820081034604,0.0,0.0,0.08452715994809684
0,0.0,0.0,1.0,1.0,0.0,0.0,0.0,0.0,0,0.5084464551417195,0.0,0.0,0.051363977495580415
0,0.0,0.0,1.0,1.0,0.0,0.0,0.0,0.0,0,-0.1764553357524417,0.0,0.0,0.050330894114938386
1,1.0,0.0,0.0,1.0,0.0,0.0,0.0,0.0,0,0.201421514396061,0.3010299956639812,0.0,0.6003988869872413
0,0.0,0.0,1.0,1.0,0.0,0.0,0.0,0.0,0,-0.1764553357524417,0.0,0.0,0.060073500159877655
1,0.0,1.0,0.0,1.0,0.0,0.0,0.0,0.0,0,-0.24730724515528596,0.0,0.0,0.06777807790137137
0,0.0,0.0,1.0,1.0,0.0,0.0,0.0,0.0,0,-0.21188129045386384,0.0,0.0,0.04600427124062826
0,0.0,1.0,0.0,1.0,0.0,0.0,0.0,0.0,0,-0.27092454828956736,0.0,0.0,0.08452715994809684
0,0.0,0.0,1.0,0.0,0.0,1.0,0.0,0.0,1,-0.4126283670952559,0.6020599913279624,0.3010299956639812,0.16804947240886178
1,1.0,0.0,0.0,0.0,1.0,0.0,0.0,0.0,1,0.13056960499321676,0.3010299956639812,0.0,0.5566837828452879
0,0.0,0.0,1.0,1.0,0.0,0.0,0.0,0.0,0,-0.011134213812471764,0.0,0.0,0.04952157847044061
0,0.0,1.0,0.0,1.0,0.0,0.0,0.0,0.0,0,0.6973848802159708,0.0,0.0,0.08787697635744193
1,0.0,0.0,1.0,0.0,0.0,1.0,0.0,0.0,1,-0.5779494890352258,0.6989700043360189,0.47712125471966244,0.20771665840176265
0,0.0,1.0,0.0,1.0,0.0,0.0,0.0,0.0,0,-0.12922072948387886,0.0,0.0,0.06777807790137137
0,0.0,0.0,1.0,0.0,0.0,1.0,0.0,0.0,1,-0.2000726388867231,0.0,0.0,0.04801416108623532
0,0.0,1.0,0.0,1.0,0.0,0.0,0.0,0.0,0,0.34312533320174954,0.3010299956639812,0.0,0.17162238659106926
1,0.0,1.0,0.0,0.0,0.0,1.0,0.0,0.0,1,-0.5070975796323816,0.0,0.47712125471966244,0.17329729479574182
0,0.0,1.0,0.0,1.0,0.0,0.0,0.0,0.0,0,-0.24730724515528596,0.0,0.0,0.06777807790137137
0,0.0,1.0,0.0,1.0,0.0,0.0,0.0,0.0,0,0.08333499872465391,0.0,0.0,0.07966992615454646
0,0.0,0.0,1.0,0.0,0.0,1.0,0.0,0.0,1,-0.24730724515528596,0.3010299956639812,0.0,0.09426976599303612
1,0.0,0.0,1.0,0.0,0.0,1.0,0.0,0.0,1,-0.27092454828956736,0.3010299956639812,0.0,0.10127624199482231
0,0.0,1.0,0.0,1.0,0.0,0.0,0.0,0.0,0,-0.011134213812471764,0.0,0.0,0.06777807790137137
0,0.0,0.0,1.0,1.0,0.0,0.0,0.0,0.0,0,-0.1764553357524417,0.0,0.0,0.04516681713829199
0,0.0,0.0,1.0,1.0,0.0,0.0,0.0,0.0,0,0.012483089321809655,0.0,0.0,0.045836780420161004
0,1.0,0.0,0.0,0.0,0.0,0.0,0.0,1.0,0,0.34312533320174954,0.47712125471966244,0.0,0.6003988869872413
0,0.0,0.0,1.0,0.0,0.0,1.0,0.0,0.0,1,-0.10560342634959743,0.0,0.0,0.04952157847044061
1,0.0,1.0,0.0,0.0,1.0,0.0,0.0,0.0,1,-0.12922072948387886,0.0,0.47712125471966244,0.09457660917613213
1,1.0,0.0,0.0,1.0,0.0,0.0,0.0,0.0,0,0.1778042112617796,0.3010299956639812,0.3010299956639812,0.34952577638513227
0,0.0,1.0,0.0,0.0,0.0,0.0,0.0,1.0,0,0.5792983645445637,0.3010299956639812,0.0,0.17162238659106926
0,0.0,0.0,1.0,1.0,0.0,0.0,0.0,0.0,0,-0.27092454828956736,0.0,0.0,0.04600427124062826
0,0.0,0.0,1.0,0.0,1.0,0.0,0.0,0.0,1,-0.011134213812471764,0.3010299956639812,0.3010299956639812,0.0675268416706705
0,1.0,0.0,0.0,1.0,0.0,0.0,0.0,0.0,0,0.7682367896188151,0.0,0.0,0.1753071846413489
0,0.0,0.0,1.0,1.0,0.0,0.0,0.0,0.0,0,0.012483089321809655,0.3010299956639812,0.0,0.10529602168603644
0,0.0,0.0,1.0,0.0,1.0,0.0,0.0,0.0,1,0.2722734237989053,0.0,0.47712125471966244,0.1328482616528998
1,0.0,0.0,1.0,0.0,1.0,0.0,0.0,0.0,1,-0.011134213812471764,0.0,0.47712125471966244,0.09957319533231127
1,1.0,0.0,0.0,0.0,1.0,0.0,0.0,0.0,1,0.201421514396061,0.0,0.0,0.5280428525453873
1,1.0,0.0,0.0,0.0,0.0,1.0,0.0,0.0,1,0.012483089321809655,0.0,0.0,0.5769501721218256
1,1.0,0.0,0.0,0.0,0.0,1.0,0.0,0.0,1,0.13056960499321676,0.0,0.0,3.429849455598414
1,0.0,1.0,0.0,0.0,1.0,0.0,0.0,0.0,1,0.48482915200743804,0.0,0.3010299956639812,0.17162238659106926
1,0.0,0.0,1.0,0.0,0.0,0.0,1.0,0.0,0,-0.6251840953037887,0.6989700043360189,0.47712125471966244,0.20771665840176265
0,1.0,0.0,0.0,1.0,0.0,0.0,0.0,0.0,0,0.5320637582760008,0.3010299956639812,0.3010299956639812,0.5310576873137979
0,1.0,0.0,0.0,1.0,0.0,0.0,0.0,0.0,0,0.24865612066462384,0.0,0.0,-0.002568066694875608
0,0.0,0.0,1.0,0.0,0.0,1.0,0.0,0.0,1,-0.2000726388867231,0.0,0.0,0.04935408764997335
0,0.0,1.0,0.0,1.0,0.0,0.0,0.0,0.0,0,0.15418690812749816,0.0,0.0,0.06777807790137137
0,0.0,0.0,1.0,1.0,0.0,0.0,0.0,0.0,0,-0.3181591545581302,0.6989700043360189,0.3010299956639812,0.2633236107968912
1,0.0,0.0,1.0,1.0,0.0,0.0,0.0,0.0,0,-0.10560342634959743,0.3010299956639812,0.0,0.04952157847044061
1,1.0,0.0,0.0,0.0,1.0,0.0,0.0,0.0,1,0.6737675770816894,0.0,0.3010299956639812,1.0255743347433675
1,1.0,0.0,0.0,0.0,0.0,1.0,0.0,0.0,1,0.13056960499321676,0.0,0.0,0.9061252412923763
0,1.0,0.0,0.0,1.0,0.0,0.0,0.0,0.0,0,-0.034751516946753186,0.0,0.0,0.20512055068452023
1,0.0,0.0,1.0,1.0,0.0,0.0,0.0,0.0,0,-0.10560342634959743,0.0,0.0,-0.002568066694875608
1,0.0,1.0,0.0,0.0,1.0,0.0,0.0,0.0,1,0.2722734237989053,0.0,0.3010299956639812,0.12807477326958305
0,1.0,0.0,0.0,1.0,0.0,0.0,0.0,0.0,0,0.1778042112617796,0.0,0.3010299956639812,0.19641102802022298
1,0.0,0.0,1.0,0.0,0.0,1.0,0.0,0.0,1,0.08333499872465391,0.0,0.0,0.04935408764997335
1,1.0,0.0,0.0,0.0,0.0,1.0,0.0,0.0,1,0.7918540927530966,0.3010299956639812,0.0,0.5197239184744197
0,0.0,0.0,1.0,0.0,0.0,1.0,0.0,0.0,1,0.36674263633603094,0.0,0.0,0.04935408764997335
0,0.0,1.0,0.0,1.0,0.0,0.0,0.0,0.0,0,-0.2000726388867231,0.0,0.0,-0.002568066694875608
0,0.0,0.0,1.0,0.0,0.0,0.0,1.0,0.0,0,-0.530714882766663,0.6989700043360189,0.3010299956639812,0.1925587391494761
1,0.0,0.0,1.0,0.0,1.0,0.0,0.0,0.0,1,0.13056960499321676,0.3010299956639812,0.3010299956639812,0.1330994978836007
0,0.0,0.0,1.0,1.0,0.0,0.0,0.0,0.0,0,0.8390886990216594,0.0,0.0,0.04935408764997335
0,0.0,0.0,1.0,1.0,0.0,0.0,0.0,0.0,0,-0.034751516946753186,0.0,0.0,0.05005218938968087
0,0.0,0.0,1.0,1.0,0.0,0.0,0.0,0.0,0,-0.3181591545581302,0.0,0.0,0.06107844508268118
1,0.0,0.0,1.0,1.0,0.0,0.0,0.0,0.0,0,-0.24730724515528596,0.0,0.0,0.051363977495580415
0,1.0,0.0,0.0,1.0,0.0,0.0,0.0,0.0,0,0.650150273947408,0.0,0.0,0.17162238659106926
0,0.0,0.0,1.0,1.0,0.0,0.0,0.0,0.0,0,0.08333499872465391,0.0,0.0,0.055467502597028144
1,0.0,0.0,1.0,1.0,0.0,0.0,0.0,0.0,0,0.012483089321809655,0.0,0.0,0.06107844508268118
0,0.0,0.0,1.0,1.0,0.0,0.0,0.0,0.0,0,-0.1764553357524417,0.0,0.0,0.050330894114938386
1,0.0,1.0,0.0,1.0,0.0,0.0,0.0,0.0,0,0.2958907269331867,0.0,0.0,0.08452715994809684
1,0.0,0.0,1.0,0.0,0.0,1.0,0.0,0.0,1,-0.1764553357524417,0.0,0.0,0.04935408764997335
1,1.0,0.0,0.0,0.0,0.0,1.0,0.0,0.0,1,-0.08198612321531602,0.0,0.0,0.5256979810588457
1,1.0,0.0,0.0,0.0,1.0,0.0,0.0,0.0,1,-0.24730724515528596,0.3010299956639812,0.0,0.6076291307251718
0,0.0,1.0,0.0,1.0,0.0,0.0,0.0,0.0,0,0.15418690812749816,0.0,0.0,0.08368970584576056
0,0.0,0.0,1.0,0.0,0.0,1.0,0.0,0.0,1,-0.12922072948387886,0.0,0.0,0.05672368375053256
0,0.0,0.0,1.0,1.0,0.0,0.0,0.0,0.0,0,-0.12922072948387886,0.0,0.0,0.050330894114938386
0,1.0,0.0,0.0,1.0,0.0,0.0,0.0,0.0,0,0.012483089321809655,0.0,0.0,0.18315111474547136
0,0.0,0.0,1.0,1.0,0.0,0.0,0.0,0.0,0,-0.14102938105101956,0.0,0.0,0.0458649188779995
0,1.0,0.0,0.0,0.0,0.0,1.0,0.0,0.0,1,-0.64880139843807,0.3010299956639812,0.47712125471966244,1.0127612869776226
1,1.0,0.0,0.0,1.0,0.0,0.0,0.0,0.0,0,0.4139772426045938,0.0,0.0,0.2017707342751751
1,1.0,0.0,0.0,0.0,1.0,0.0,0.0,0.0,1,0.48482915200743804,0.0,0.3010299956639812,1.6557304082935749
1,0.0,0.0,1.0,0.0,0.0,1.0,0.0,0.0,1,-0.22368994202100453,0.0,0.0,0.04935408764997335
1,0.0,0.0,1.0,1.0,0.0,0.0,0.0,0.0,0,-0.12922072948387886,0.47712125471966244,0.0,0.15319839633967125
0,0.0,0.0,1.0,1.0,0.0,0.0,0.0,0.0,0,-0.24730724515528596,0.0,0.0,-0.002568066694875608
1,0.0,1.0,0.0,0.0,0.0,1.0,0.0,0.0,1,0.3903599394703124,0.0,0.0,0.08017239861594821
0,0.0,0.0,1.0,1.0,0.0,0.0,0.0,0.0,0,-0.034751516946753186,0.0,0.0,0.051363977495580415
1,1.0,0.0,0.0,0.0,0.0,0.0,1.0,0.0,0,-0.674308085823094,0.3010299956639812,0.47712125471966244,1.0127612869776226
1,1.0,0.0,0.0,0.0,0.0,1.0,0.0,0.0,1,0.2958907269331867,0.0,0.0,0.7403093290297942
1,1.0,0.0,0.0,0.0,1.0,0.0,0.0,0.0,1,-0.2945418514238488,0.3010299956639812,0.0,0.727021947260486
0,0.0,1.0,0.0,1.0,0.0,0.0,0.0,0.0,0,0.012483089321809655,0.3010299956639812,0.0,0.1582231209536889
1,1.0,0.0,0.0,0.0,0.0,1.0,0.0,0.0,1,0.012483089321809655,0.0,0.0,0.37883666996690185
1,1.0,0.0,0.0,0.0,0.0,1.0,0.0,0.0,1,-0.12922072948387886,0.0,0.0,0.5545620091316087
1,1.0,0.0,0.0,0.0,0.0,1.0,0.0,0.0,1,-0.27092454828956736,0.47712125471966244,0.47712125471966244,1.7552480941089628
0,0.0,1.0,0.0,0.0,1.0,0.0,0.0,0.0,1,-0.08198612321531602,0.3010299956639812,0.3010299956639812,0.17162238659106926
0,0.0,0.0,1.0,1.0,0.0,0.0,0.0,0.0,0,-0.034751516946753186,0.0,0.0,0.050330894114938386
0,0.0,1.0,0.0,1.0,0.0,0.0,0.0,0.0,0,0.3195080300674681,0.3010299956639812,0.3010299956639812,0.17329729479574182
1,0.0,0.0,1.0,0.0,0.0,1.0,0.0,0.0,1,-0.08198612321531602,0.0,0.0,0.05005218938968087
1,0.0,1.0,0.0,0.0,1.0,0.0,0.0,0.0,1,-0.12922072948387886,0.3010299956639812,0.0,0.17162238659106926
0,0.0,1.0,0.0,0.0,0.0,0.0,0.0,1.0,0,0.5792983645445637,0.0,0.0,0.09122679276678702
1,1.0,0.0,0.0,0.0,0.0,1.0,0.0,0.0,1,0.03610039245609108,0.0,0.47712125471966244,1.101978287334274
1,1.0,0.0,0.0,0.0,1.0,0.0,0.0,0.0,1,0.24865612066462384,0.3010299956639812,0.3010299956639812,0.8985325474189547
0,0.0,0.0,1.0,1.0,0.0,0.0,0.0,0.0,0,-0.1764553357524417,0.0,0.0,0.04600427124062826
0,0.0,0.0,1.0,1.0,0.0,0.0,0.0,0.0,0,-0.058368820081034604,0.0,0.0,0.050330894114938386
1,0.0,1.0,0.0,0.0,0.0,1.0,0.0,0.0,1,0.012483089321809655,0.0,0.0,0.08017239861594821
1,0.0,1.0,0.0,0.0,1.0,0.0,0.0,0.0,1,-0.1764553357524417,0.3010299956639812,0.3010299956639812,0.19172128504713984
0,0.0,0.0,1.0,1.0,0.0,0.0,0.0,0.0,0,-0.22368994202100453,0.9542425094393249,0.47712125471966244,0.463391395845027
1,1.0,0.0,0.0,0.0,0.0,1.0,0.0,0.0,1,0.15418690812749816,0.0,0.0,0.9061252412923763
0,0.0,0.0,1.0,1.0,0.0,0.0,0.0,0.0,0,0.7446194864845337,0.0,0.0,0.03922089301170444
1,0.0,1.0,0.0,0.0,1.0,0.0,0.0,0.0,1,0.15418690812749816,0.0,0.0,0.08452715994809684
1,0.0,0.0,1.0,0.0,1.0,0.0,0.0,0.0,1,0.03610039245609108,0.3010299956639812,0.3010299956639812,0.13494189690874048
1,1.0,0.0,0.0,0.0,0.0,1.0,0.0,0.0,1,-0.3181591545581302,0.0,0.3010299956639812,0.3858712844265265
1,0.0,0.0,1.0,0.0,0.0,1.0,0.0,0.0,1,-0.034751516946753186,0.47712125471966244,0.0,0.15319839633967125
0,1.0,0.0,0.0,1.0,0.0,0.0,0.0,0.0,0,0.37855128790317166,0.0,0.0,0.18837146863779475
0,1.0,0.0,0.0,1.0,0.0,0.0,0.0,0.0,0,0.201421514396061,0.0,0.3010299956639812,1.0255743347433675
0,0.0,0.0,1.0,1.0,0.0,0.0,0.0,0.0,0,-0.3181591545581302,0.47712125471966244,0.0,0.11802532404154777
1,1.0,0.0,0.0,0.0,1.0,0.0,0.0,0.0,1,0.2958907269331867,0.3010299956639812,0.0,0.892837859523068
0,0.0,0.0,1.0,1.0,0.0,0.0,0.0,0.0,0,0.012483089321809655,0.0,0.0,0.050330894114938386
0,1.0,0.0,0.0,1.0,0.0,0.0,0.0,0.0,0,-0.011134213812471764,0.3010299956639812,0.0,0.44362747902989086
1,1.0,0.0,0.0,0.0,0.0,1.0,0.0,0.0,1,0.2722734237989053,0.0,0.0,0.8985325474189547
1,0.0,0.0,1.0,1.0,0.0,0.0,0.0,0.0,0,0.36674263633603094,0.0,0.0,0.051363977495580415
0,1.0,0.0,0.0,1.0,0.0,0.0,0.0,0.0,0,0.36674263633603094,0.0,0.0,0.23526889836862608
1,0.0,1.0,0.0,0.0,0.0,0.0,1.0,0.0,0,-0.64880139843807,0.3010299956639812,0.3010299956639812,0.17162238659106926
1,1.0,0.0,0.0,0.0,0.0,1.0,0.0,0.0,1,-0.12922072948387886,0.6020599913279624,0.47712125471966244,1.7594353646206442
0,0.0,1.0,0.0,1.0,0.0,0.0,0.0,0.0,0,-0.034751516946753186,0.0,0.0,0.08452715994809684
0,0.0,1.0,0.0,1.0,0.0,0.0,0.0,0.0,0,-0.10560342634959743,0.0,0.0,0.08452715994809684
0,0.0,1.0,0.0,1.0,0.0,0.0,0.0,0.0,0,0.15418690812749816,0.0,0.0,0.08452715994809684
1,0.0,1.0,0.0,0.0,0.0,1.0,0.0,0.0,1,-0.12922072948387886,0.0,0.0,0.08452715994809684
1,0.0,1.0,0.0,0.0,0.0,1.0,0.0,0.0,1,0.24865612066462384,0.0,0.0,0.08452715994809684
1,0.0,0.0,1.0,0.0,1.0,0.0,0.0,0.0,1,0.10695230185893533,0.3010299956639812,0.0,0.10529602168603644
1,0.0,0.0,1.0,0.0,0.0,0.0,1.0,0.0,0,-0.6251840953037887,0.3010299956639812,0.3010299956639812,0.10395609512229839
0,0.0,0.0,1.0,1.0,0.0,0.0,0.0,0.0,0,0.2958907269331867,0.0,0.0,0.055467502597028144
0,0.0,0.0,1.0,1.0,0.0,0.0,0.0,0.0,0,-0.15283803261816029,0.0,0.0,0.059236046057541375
0,1.0,0.0,0.0,1.0,0.0,0.0,0.0,0.0,0,0.3195080300674681,0.0,0.0,0.23191908195928096
0,0.0,0.0,1.0,1.0,0.0,0.0,0.0,0.0,0,-0.3417764576924116,0.3010299956639812,0.3010299956639812,0.0458649188779995
0,0.0,0.0,1.0,1.0,0.0,0.0,0.0,0.0,0,-0.10560342634959743,0.3010299956639812,0.0,0.11668539747780973
0,0.0,0.0,1.0,1.0,0.0,0.0,0.0,0.0,0,-0.15283803261816029,0.0,0.0,0.045836780420161004
0,0.0,0.0,1.0,1.0,0.0,0.0,0.0,0.0,0,-0.034751516946753186,0.0,0.0,0.06107844508268118
1,1.0,0.0,0.0,0.0,0.0,1.0,0.0,0.0,1,-0.1764553357524417,0.0,0.3010299956639812,0.3659117383330847
0,0.0,1.0,0.0,0.0,0.0,1.0,0.0,0.0,1,0.201421514396061,0.0,0.0,0.08452715994809684
1,0.0,0.0,1.0,0.0,0.0,1.0,0.0,0.0,1,-0.1764553357524417,0.0,0.0,0.050219680210148124
1,0.0,0.0,1.0,0.0,0.0,1.0,0.0,0.0,1,-0.15283803261816029,0.0,0.0,0.050219680210148124
0,0.0,0.0,1.0,1.0,0.0,0.0,0.0,0.0,0,0.24865612066462384,0.3010299956639812,0.6989700043360189,0.18435168894658063
0,0.0,1.0,0.0,1.0,0.0,0.0,0.0,0.0,0,-0.011134213812471764,0.3010299956639812,0.0,0.18315111474547136
0,0.0,0.0,1.0,0.0,1.0,0.0,0.0,0.0,1,0.36674263633603094,0.0,0.3010299956639812,0.09426976599303612
0,0.0,0.0,1.0,1.0,0.0,0.0,0.0,0.0,0,0.13056960499321676,0.0,0.0,0.04466434467689022
0,0.0,0.0,1.0,1.0,0.0,0.0,0.0,0.0,0,-0.058368820081034604,0.3010299956639812,0.0,0.10127624199482231
0,0.0,0.0,1.0,1.0,0.0,0.0,0.0,0.0,0,0.012483089321809655,0.0,0.0,0.04600427124062826
1,1.0,0.0,0.0,0.0,1.0,0.0,0.0,0.0,1,0.7210021833502522,0.3010299956639812,0.0,0.501579302911561
1,0.0,0.0,1.0,0.0,1.0,0.0,0.0,0.0,1,0.13056960499321676,0.0,0.0,0.0458649188779995
1,0.0,0.0,1.0,0.0,0.0,1.0,0.0,0.0,1,-0.1764553357524417,0.0,0.0,0.04935408764997335
1,1.0,0.0,0.0,0.0,0.0,0.0,0.0,1.0,1,-0.12922072948387886,0.0,0.0,0.4617164876403544
1,1.0,0.0,0.0,1.0,0.0,0.0,0.0,0.0,0,-0.10560342634959743,0.3010299956639812,0.0,0.3688709661491002
0,0.0,0.0,1.0,1.0,0.0,0.0,0.0,0.0,0,-0.27092454828956736,0.3010299956639812,0.0,0.040951408168772116
0,0.0,0.0,1.0,1.0,0.0,0.0,0.0,0.0,0,-0.24730724515528596,0.0,0.0,0.051363977495580415
0,1.0,0.0,0.0,1.0,0.0,0.0,0.0,0.0,0,-0.1764553357524417,0.0,0.0,0.9061252412923763
0,0.0,0.0,1.0,0.0,0.0,1.0,0.0,0.0,1,-0.6251840953037887,0.6020599913279624,0.3010299956639812,0.1386266949590201
1,1.0,0.0,0.0,0.0,1.0,0.0,0.0,0.0,1,-0.10560342634959743,0.3010299956639812,0.0,0.5479461217231522
1,0.0,0.0,1.0,0.0,0.0,1.0,0.0,0.0,1,-0.1764553357524417,0.0,0.0,0.04600427124062826
0,1.0,0.0,0.0,1.0,0.0,0.0,0.0,0.0,0,-0.058368820081034604,0.0,0.47712125471966244,1.4144042744580991
0,0.0,0.0,1.0,1.0,0.0,0.0,0.0,0.0,0,-0.22368994202100453,0.0,0.0,0.024314209990118775
0,0.0,0.0,1.0,1.0,0.0,0.0,0.0,0.0,0,-0.24730724515528596,0.0,0.0,0.04952157847044061
1,1.0,0.0,0.0,0.0,0.0,1.0,0.0,0.0,1,0.2958907269331867,0.0,0.0,1.5217658903776095
1,0.0,0.0,1.0,0.0,0.0,1.0,0.0,0.0,1,-0.6724187015723515,0.0,0.47712125471966244,0.10289554324709974
0,0.0,0.0,1.0,1.0,0.0,0.0,0.0,0.0,0,0.059717695590372495,0.0,0.0,0.050526523393244135
1,1.0,0.0,0.0,0.0,1.0,0.0,0.0,0.0,1,0.13056960499321676,0.3010299956639812,0.0,0.34581283987701417
0,0.0,0.0,1.0,1.0,0.0,0.0,0.0,0.0,0,-0.058368820081034604,0.0,0.0,0.050330894114938386
0,0.0,1.0,0.0,1.0,0.0,0.0,0.0,0.0,0,-0.27092454828956736,0.0,0.0,0.4898549454788532
0,0.0,0.0,1.0,0.0,0.0,0.0,1.0,0.0,0,-0.6724187015723515,0.7781512503836436,0.47712125471966244,0.3116447125016942
1,0.0,1.0,0.0,0.0,0.0,1.0,0.0,0.0,1,0.15418690812749816,0.0,0.0,0.08452715994809684
0,0.0,0.0,1.0,1.0,0.0,0.0,0.0,0.0,0,-0.24730724515528596,0.0,0.0,0.049214735287344595
1,0.0,1.0,0.0,0.0,0.0,1.0,0.0,0.0,1,-0.2945418514238488,0.0,0.0,0.07782752712940666
1,1.0,0.0,0.0,1.0,0.0,0.0,0.0,0.0,0,0.15418690812749816,0.3010299956639812,0.47712125471966244,0.801387871547947
1,0.0,0.0,1.0,1.0,0.0,0.0,0.0,0.0,0,-0.2000726388867231,0.0,0.0,0.04966093083306936
0,0.0,0.0,1.0,1.0,0.0,0.0,0.0,0.0,0,-0.034751516946753186,0.47712125471966244,0.0,0.050526523393244135
1,1.0,0.0,0.0,0.0,0.0,1.0,0.0,0.0,1,-0.15283803261816029,0.3010299956639812,0.0,0.7563328408422555
1,0.0,0.0,1.0,0.0,1.0,0.0,0.0,0.0,1,-0.12922072948387886,0.0,0.47712125471966244,0.10931580137725053
0,0.0,0.0,1.0,1.0,0.0,0.0,0.0,0.0,0,-0.1764553357524417,0.0,0.0,0.04966093083306936
0,0.0,0.0,1.0,0.0,0.0,1.0,0.0,0.0,1,0.03610039245609108,0.0,0.0,0.05005218938968087
0,0.0,1.0,0.0,1.0,0.0,0.0,0.0,0.0,0,0.3903599394703124,0.0,0.0,0.17162238659106926
0,0.0,1.0,0.0,0.0,0.0,0.0,0.0,1.0,0,-0.15283803261816029,0.0,0.0,0.06777807790137137
1,0.0,1.0,0.0,0.0,1.0,0.0,0.0,0.0,1,-0.034751516946753186,0.0,0.0,0.08218228846155527
1,0.0,0.0,1.0,1.0,0.0,0.0,0.0,0.0,0,0.22503881753034244,0.0,0.0,0.050526523393244135
0,0.0,0.0,1.0,1.0,0.0,0.0,0.0,0.0,0,-0.08198612321531602,0.0,0.0,0.051363977495580415
0,0.0,0.0,1.0,0.0,0.0,1.0,0.0,0.0,1,-0.2000726388867231,0.3010299956639812,0.0,0.06325582574875549
0,0.0,0.0,1.0,1.0,0.0,0.0,0.0,0.0,0,-0.034751516946753186,0.3010299956639812,0.0,0.10362111348136388
0,0.0,0.0,1.0,0.0,0.0,1.0,0.0,0.0,1,-0.22368994202100453,0.0,0.0,0.055467502597028144
0,0.0,1.0,0.0,1.0,0.0,0.0,0.0,0.0,0,0.10695230185893533,0.3010299956639812,0.0,0.13812422249761833
0,0.0,0.0,1.0,1.0,0.0,0.0,0.0,0.0,0,0.5084464551417195,0.0,0.0,0.04935408764997335
1,0.0,1.0,0.0,0.0,0.0,0.0,1.0,0.0,0,-0.6251840953037887,0.3010299956639812,0.3010299956639812,0.12305004865556542
0,0.0,0.0,1.0,1.0,0.0,0.0,0.0,0.0,0,-0.2000726388867231,0.0,0.0,0.04952157847044061
0,0.0,0.0,1.0,0.0,0.0,1.0,0.0,0.0,1,-0.6251840953037887,0.6020599913279624,0.3010299956639812,0.16804947240886178
0,0.0,0.0,1.0,1.0,0.0,0.0,0.0,0.0,0,0.2958907269331867,0.0,0.0,0.050330894114938386
0,0.0,0.0,1.0,1.0,0.0,0.0,0.0,0.0,0,-0.058368820081034604,0.0,0.0,0.04338002506554731
1,1.0,0.0,0.0,0.0,0.0,1.0,0.0,0.0,1,0.08333499872465391,0.3010299956639812,0.0,0.6003988869872413
0,0.0,1.0,0.0,1.0,0.0,0.0,0.0,0.0,0,-0.1764553357524417,0.0,0.0,-0.002568066694875608
1,0.0,0.0,1.0,1.0,0.0,0.0,0.0,0.0,0,0.34312533320174954,0.0,0.0,0.050526523393244135
0,0.0,0.0,1.0,0.0,1.0,0.0,0.0,0.0,1,0.059717695590372495,0.0,0.0,0.051363977495580415
1,0.0,1.0,0.0,0.0,1.0,0.0,0.0,0.0,1,0.10695230185893533,0.3010299956639812,0.3010299956639812,0.2151699999125555
1,0.0,1.0,0.0,0.0,0.0,1.0,0.0,0.0,1,-0.27092454828956736,0.0,0.47712125471966244,0.08452715994809684
0,0.0,1.0,0.0,1.0,0.0,0.0,0.0,0.0,0,0.012483089321809655,0.0,0.0,0.08452715994809684
0,0.0,0.0,1.0,0.0,0.0,1.0,0.0,0.0,1,-0.4598629733638187,0.0,0.47712125471966244,0.1592280658764924
0,0.0,0.0,1.0,1.0,0.0,0.0,0.0,0.0,0,-0.2000726388867231,0.0,0.0,0.04924220378190122
0,0.0,0.0,1.0,1.0,0.0,0.0,0.0,0.0,0,-0.011134213812471764,0.0,0.0,0.050191541752309624
0,0.0,0.0,1.0,0.0,1.0,0.0,0.0,0.0,1,-0.034751516946753186,0.3010299956639812,0.3010299956639812,0.0939066458942631
0,0.0,0.0,1.0,1.0,0.0,0.0,0.0,0.0,0,-0.27092454828956736,0.3010299956639812,0.3010299956639812,0.1328482616528998
0,0.0,0.0,1.0,1.0,0.0,0.0,0.0,0.0,0,0.5792983645445637,0.0,0.0,0.04600427124062826
1,0.0,1.0,0.0,0.0,1.0,0.0,0.0,0.0,1,-0.034751516946753186,0.3010299956639812,0.0,0.17162238659106926
1,0.0,1.0,0.0,0.0,0.0,1.0,0.0,0.0,1,-0.24730724515528596,0.0,0.0,0.17162238659106926
0,0.0,0.0,1.0,1.0,0.0,0.0,0.0,0.0,0,-0.034751516946753186,0.0,0.0,0.04935408764997335
1,0.0,0.0,1.0,1.0,0.0,0.0,0.0,0.0,0,0.059717695590372495,0.0,0.0,0.051363977495580415
1,1.0,0.0,0.0,1.0,0.0,0.0,0.0,0.0,0,-0.034751516946753186,0.0,0.0,0.1753071846413489
1,0.0,0.0,1.0,0.0,1.0,0.0,0.0,0.0,1,0.08333499872465391,0.3010299956639812,0.0,0.10529602168603644
1,0.0,1.0,0.0,0.0,1.0,0.0,0.0,0.0,1,0.2958907269331867,0.3010299956639812,0.0,0.17162238659106926
0,0.0,0.0,1.0,1.0,0.0,0.0,0.0,0.0,0,-0.2945418514238488,0.0,0.0,0.04516681713829199
0,1.0,0.0,0.0,1.0,0.0,0.0,0.0,0.0,0,0.48482915200743804,0.3010299956639812,0.0,0.3719414078699059
1,1.0,0.0,0.0,0.0,0.0,1.0,0.0,0.0,1,-0.36539376082669306,0.3010299956639812,0.47712125471966244,0.801387871547947
0,0.0,0.0,1.0,0.0,0.0,1.0,0.0,0.0,1,-0.2000726388867231,0.47712125471966244,0.47712125471966244,0.2277318114475996
1,0.0,1.0,0.0,0.0,1.0,0.0,0.0,0.0,1,-0.12922072948387886,0.47712125471966244,0.6020599913279624,0.12305004865556542
0,1.0,0.0,0.0,1.0,0.0,0.0,0.0,0.0,0,0.8154713958873779,0.3010299956639812,0.6989700043360189,1.7594353646206442
0,0.0,1.0,0.0,1.0,0.0,0.0,0.0,0.0,0,0.03610039245609108,0.0,0.0,0.06777807790137137
1,0.0,1.0,0.0,0.0,1.0,0.0,0.0,0.0,1,0.36674263633603094,0.3010299956639812,0.3010299956639812,0.17329729479574182
0,0.0,0.0,1.0,1.0,0.0,0.0,0.0,0.0,0,-0.22368994202100453,0.0,0.0,0.06107844508268118
0,0.0,0.0,1.0,1.0,0.0,0.0,0.0,0.0,0,-0.10560342634959743,0.3010299956639812,0.0,0.04952157847044061
1,0.0,1.0,0.0,0.0,0.0,0.0,0.0,1.0,1,-0.034751516946753186,0.0,0.0,0.08452715994809684
1,0.0,0.0,1.0,1.0,0.0,0.0,0.0,0.0,0,-0.011134213812471764,0.0,0.0,0.05178270454674855
1,1.0,0.0,0.0,0.0,0.0,0.0,1.0,0.0,0,-0.6015667921695073,0.0,0.47712125471966244,0.5458524864673114
1,0.0,1.0,0.0,0.0,0.0,1.0,0.0,0.0,1,-0.38901106396097446,0.0,0.3010299956639812,0.12807477326958305
1,1.0,0.0,0.0,1.0,0.0,0.0,0.0,0.0,0,0.10695230185893533,0.0,0.0,0.1753071846413489
1,0.0,0.0,1.0,0.0,0.0,1.0,0.0,0.0,1,-0.5779494890352258,0.47712125471966244,0.3010299956639812,0.12645547201730561
1,1.0,0.0,0.0,0.0,0.0,0.0,0.0,1.0,0,0.5320637582760008,0.0,0.0,0.2017707342751751
0,0.0,1.0,0.0,1.0,0.0,0.0,0.0,0.0,0,0.15418690812749816,0.3010299956639812,0.47712125471966244,0.1833467440237771
0,0.0,0.0,1.0,1.0,0.0,0.0,0.0,0.0,0,-0.034751516946753186,0.3010299956639812,0.0,0.13120149190606575
0,1.0,0.0,0.0,1.0,0.0,0.0,0.0,0.0,0,0.012483089321809655,0.0,0.0,0.1833467440237771
1,1.0,0.0,0.0,1.0,0.0,0.0,0.0,0.0,0,0.46121184887315664,0.3010299956639812,0.0,0.5943973559082587
0,0.0,0.0,1.0,1.0,0.0,0.0,0.0,0.0,0,-0.12922072948387886,0.0,0.0,0.051363977495580415
1,0.0,0.0,1.0,1.0,0.0,0.0,0.0,0.0,0,-0.011134213812471764,0.0,0.0,0.050330894114938386
0,1.0,0.0,0.0,1.0,0.0,0.0,0.0,0.0,0,0.8390886990216594,0.0,0.0,0.1753071846413489
1,1.0,0.0,0.0,0.0,1.0,0.0,0.0,0.0,1,0.2722734237989053,0.3010299956639812,0.0,0.34489164036444425
1,0.0,1.0,0.0,0.0,0.0,1.0,0.0,0.0,1,0.48482915200743804,0.0,0.0,0.06777807790137137
0,0.0,0.0,1.0,1.0,0.0,0.0,0.0,0.0,0,-0.2945418514238488,0.0,0.0,0.04935408764997335
1,1.0,0.0,0.0,1.0,0.0,0.0,0.0,0.0,0,0.4375945457388752,0.0,0.0,0.1753071846413489
0,0.0,0.0,1.0,1.0,0.0,0.0,0.0,0.0,0,0.10695230185893533,0.0,0.0,0.051363977495580415
0,1.0,0.0,0.0,1.0,0.0,0.0,0.0,0.0,0,0.4139772426045938,0.0,0.0,0.2553677968246966
0,0.0,1.0,0.0,1.0,0.0,0.0,0.0,0.0,0,0.4375945457388752,0.0,0.0,0.08452715994809684
0,0.0,0.0,1.0,1.0,0.0,0.0,0.0,0.0,0,0.10695230185893533,0.0,0.0,0.051363977495580415
0,0.0,0.0,1.0,1.0,0.0,0.0,0.0,0.0,0,0.201421514396061,0.0,0.0,0.04466434467689022
0,0.0,1.0,0.0,1.0,0.0,0.0,0.0,0.0,0,-0.2000726388867231,0.0,0.0,-0.002568066694875608
0,1.0,0.0,0.0,1.0,0.0,0.0,0.0,0.0,0,0.6265329708131265,0.0,0.0,0.1753071846413489
0,0.0,0.0,1.0,1.0,0.0,0.0,0.0,0.0,0,-0.1764553357524417,0.0,0.0,0.049186596829506095
1,0.0,0.0,1.0,0.0,0.0,1.0,0.0,0.0,1,-0.6783230273559219,0.47712125471966244,0.3010299956639812,0.12645547201730561
0,0.0,0.0,1.0,1.0,0.0,0.0,0.0,0.0,0,0.22503881753034244,0.0,0.0,0.04600427124062826
0,0.0,0.0,1.0,1.0,0.0,0.0,0.0,0.0,0,0.201421514396061,0.0,0.0,0.055467502597028144
1,0.0,1.0,0.0,0.0,1.0,0.0,0.0,0.0,1,0.08333499872465391,0.3010299956639812,0.47712125471966244,0.1833467440237771
1,0.0,1.0,0.0,0.0,1.0,0.0,0.0,0.0,1,-0.15283803261816029,0.0,0.0,0.08983125925065387
0,0.0,0.0,1.0,0.0,0.0,1.0,0.0,0.0,1,-0.1764553357524417,0.0,0.0,0.06333957115898912
0,1.0,0.0,0.0,1.0,0.0,0.0,0.0,0.0,0,0.24865612066462384,0.0,0.0,0.34581283987701417
0,0.0,1.0,0.0,1.0,0.0,0.0,0.0,0.0,0,0.10695230185893533,0.3010299956639812,0.0,0.13812422249761833
0,0.0,0.0,1.0,1.0,0.0,0.0,0.0,0.0,0,-0.011134213812471764,0.3010299956639812,0.0,0.04463620621905172
0,0.0,0.0,1.0,1.0,0.0,0.0,0.0,0.0,0,-0.1764553357524417,0.0,0.0,0.04781853180792956
1,0.0,0.0,1.0,0.0,0.0,1.0,0.0,0.0,1,-0.64880139843807,0.0,0.3010299956639812,0.07975367156478008
0,0.0,0.0,1.0,0.0,0.0,0.0,1.0,0.0,0,-0.48348027649810016,0.7781512503836436,0.47712125471966244,0.3116447125016942
0,0.0,1.0,0.0,1.0,0.0,0.0,0.0,0.0,0,0.1778042112617796,0.0,0.0,-0.002568066694875608
0,0.0,0.0,1.0,1.0,0.0,0.0,0.0,0.0,0,0.48482915200743804,0.0,0.0,0.051363977495580415
1,0.0,0.0,1.0,0.0,1.0,0.0,0.0,0.0,1,0.7918540927530966,0.0,0.0,0.06166466295431658
1,1.0,0.0,0.0,1.0,0.0,0.0,0.0,0.0,0,-0.10560342634959743,0.3010299956639812,0.0,0.6076291307251718
0,0.0,0.0,1.0,0.0,0.0,1.0,0.0,0.0,1,-0.5070975796323816,0.6020599913279624,0.3010299956639812,0.16804947240886178
1,1.0,0.0,0.0,0.0,1.0,0.0,0.0,0.0,1,0.13056960499321676,0.3010299956639812,0.0,0.6003988869872413
0,1.0,0.0,0.0,1.0,0.0,0.0,0.0,0.0,0,0.6737675770816894,0.0,0.0,0.19641102802022298
0,0.0,0.0,1.0,1.0,0.0,0.0,0.0,0.0,0,0.012483089321809655,0.0,0.0,0.051363977495580415
1,0.0,0.0,1.0,0.0,0.0,0.0,1.0,0.0,0,-0.48348027649810016,0.3010299956639812,0.3010299956639812,0.10395609512229839
0,0.0,0.0,1.0,1.0,0.0,0.0,0.0,0.0,0,-0.24730724515528596,0.3010299956639812,0.0,0.13120149190606575
0,0.0,0.0,1.0,1.0,0.0,0.0,0.0,0.0,0,-0.2000726388867231,0.0,0.0,0.04600427124062826
0,1.0,0.0,0.0,1.0,0.0,0.0,0.0,0.0,0,0.6029156676788451,0.0,0.0,0.2017707342751751
0,1.0,0.0,0.0,1.0,0.0,0.0,0.0,0.0,0,0.9807925178273479,0.0,0.0,0.3290918962881272
0,0.0,0.0,1.0,1.0,0.0,0.0,0.0,0.0,0,-0.2000726388867231,0.0,0.0,0.051363977495580415
0,0.0,0.0,1.0,1.0,0.0,0.0,0.0,0.0,0,-0.08198612321531602,0.0,0.0,0.09429723448759274
1,1.0,0.0,0.0,0.0,0.0,1.0,0.0,0.0,1,0.5792983645445637,0.3010299956639812,0.0,0.5217900852357037
0,0.0,0.0,1.0,1.0,0.0,0.0,0.0,0.0,0,0.6029156676788451,0.0,0.0,0.09859638886734623
0,1.0,0.0,0.0,0.0,1.0,0.0,0.0,0.0,1,-0.10560342634959743,0.3010299956639812,0.47712125471966244,1.0127612869776226
0,0.0,0.0,1.0,1.0,0.0,0.0,0.0,0.0,0,-0.12922072948387886,0.0,0.0,0.04966093083306936
0,0.0,0.0,1.0,1.0,0.0,0.0,0.0,0.0,0,-0.2945418514238488,0.0,0.0,0.055467502597028144
0,0.0,0.0,1.0,0.0,0.0,1.0,0.0,0.0,1,-0.2000726388867231,0.0,0.0,0.04935408764997335
0,0.0,0.0,1.0,0.0,0.0,1.0,0.0,0.0,1,-0.2000726388867231,0.0,0.0,0.04854477200547558
0,0.0,0.0,1.0,0.0,0.0,1.0,0.0,0.0,1,0.1778042112617796,0.0,0.0,0.06166466295431658
1,1.0,0.0,0.0,0.0,0.0,1.0,0.0,0.0,1,-0.3181591545581302,0.0,0.0,0.5769501721218256
0,1.0,0.0,0.0,1.0,0.0,0.0,0.0,0.0,0,-0.27092454828956736,0.3010299956639812,0.0,0.727021947260486
1,0.0,1.0,0.0,0.0,1.0,0.0,0.0,0.0,1,0.08333499872465391,0.0,0.47712125471966244,0.17162238659106926
1,1.0,0.0,0.0,1.0,0.0,0.0,0.0,0.0,0,0.1778042112617796,0.0,0.0,0.1753071846413489
0,0.0,0.0,1.0,1.0,0.0,0.0,0.0,0.0,0,-0.034751516946753186,0.0,0.0,0.14834116254612087
1,0.0,0.0,1.0,1.0,0.0,0.0,0.0,0.0,0,-0.08198612321531602,0.0,0.0,0.3759330491032815
1,0.0,0.0,1.0,1.0,0.0,0.0,0.0,0.0,0,-0.011134213812471764,0.0,0.0,0.04935408764997335
0,0.0,0.0,1.0,1.0,0.0,0.0,0.0,0.0,0,0.8627060021559408,0.0,0.0,0.051363977495580415
1,1.0,0.0,0.0,1.0,0.0,0.0,0.0,0.0,0,0.15418690812749816,0.0,0.0,0.17354853102644272
1,1.0,0.0,0.0,0.0,1.0,0.0,0.0,0.0,1,0.5792983645445637,0.3010299956639812,0.0,0.39539012273532154
0,0.0,0.0,1.0,1.0,0.0,0.0,0.0,0.0,0,-0.12922072948387886,0.0,0.0,0.047651040987462305
0,1.0,0.0,0.0,1.0,0.0,0.0,0.0,0.0,0,0.4139772426045938,0.0,0.0,0.22535880150321955
1,0.0,1.0,0.0,0.0,1.0,0.0,0.0,0.0,1,0.10695230185893533,0.0,0.0,0.06777807790137137
0,0.0,0.0,1.0,1.0,0.0,0.0,0.0,0.0,0,0.012483089321809655,0.0,0.0,0.1592280658764924
1,0.0,1.0,0.0,0.0,1.0,0.0,0.0,0.0,1,0.15418690812749816,0.3010299956639812,0.0,0.17162238659106926
0,0.0,0.0,1.0,1.0,0.0,0.0,0.0,0.0,0,0.059717695590372495,0.0,0.0,0.050330894114938386
1,1.0,0.0,0.0,0.0,0.0,1.0,0.0,0.0,1,0.012483089321809655,0.0,0.0,0.623847601852657
0,0.0,0.0,1.0,1.0,0.0,0.0,0.0,0.0,0,-0.1764553357524417,0.0,0.0,0.050330894114938386
0,0.0,0.0,1.0,1.0,0.0,0.0,0.0,0.0,0,0.13056960499321676,0.0,0.0,0.045836780420161004
1,1.0,0.0,0.0,0.0,1.0,0.0,0.0,0.0,1,0.34312533320174954,0.0,0.3010299956639812,0.3858712844265265
0,0.0,0.0,1.0,1.0,0.0,0.0,0.0,0.0,0,-0.27092454828956736,0.0,0.0,0.0458649188779995
0,0.0,0.0,1.0,1.0,0.0,0.0,0.0,0.0,0,0.26046477223176456,0.0,0.0,0.04935408764997335
1,0.0,1.0,0.0,0.0,0.0,1.0,0.0,0.0,1,0.48482915200743804,0.0,0.0,0.06777807790137137
0,1.0,0.0,0.0,1.0,0.0,0.0,0.0,0.0,0,0.46121184887315664,0.0,0.0,1.4832711401279794
0,0.0,0.0,1.0,1.0,0.0,0.0,0.0,0.0,0,0.22503881753034244,0.0,0.0,0.050526523393244135
0,0.0,1.0,0.0,1.0,0.0,0.0,0.0,0.0,0,-0.15283803261816029,0.47712125471966244,0.3010299956639812,0.07447771072006155
1,0.0,1.0,0.0,0.0,0.0,1.0,0.0,0.0,1,-0.64880139843807,0.3010299956639812,0.3010299956639812,0.17162238659106926
0,0.0,0.0,1.0,1.0,0.0,0.0,0.0,0.0,0,-0.2945418514238488,0.0,0.0,0.0458649188779995
0,0.0,0.0,1.0,1.0,0.0,0.0,0.0,0.0,0,-0.2945418514238488,0.3010299956639812,0.3010299956639812,0.0458649188779995
1,0.0,0.0,1.0,0.0,1.0,0.0,0.0,0.0,1,-0.12922072948387886,0.0,0.47712125471966244,0.1472243337552452
0,0.0,0.0,1.0,0.0,0.0,1.0,0.0,0.0,1,0.012483089321809655,0.0,0.0,0.055467502597028144
1,0.0,1.0,0.0,0.0,0.0,1.0,0.0,0.0,1,-0.530714882766663,0.0,0.47712125471966244,0.17329729479574182
0,1.0,0.0,0.0,0.0,0.0,0.0,0.0,1.0,0,0.36674263633603094,0.0,0.0,0.1753071846413489
1,1.0,0.0,0.0,0.0,0.0,1.0,0.0,0.0,1,0.012483089321809655,0.0,0.0,0.7104403560342276
0,0.0,0.0,1.0,1.0,0.0,0.0,0.0,0.0,0,0.9335579115587851,0.0,0.0,0.09457660917613213
1,1.0,0.0,0.0,0.0,0.0,1.0,0.0,0.0,1,-0.1764553357524417,0.0,0.47712125471966244,0.3290637578302887
1,1.0,0.0,0.0,0.0,0.0,1.0,0.0,0.0,1,0.15418690812749816,0.0,0.47712125471966244,0.47310586343212774
0,0.0,0.0,1.0,0.0,0.0,1.0,0.0,0.0,1,-0.48348027649810016,0.6989700043360189,0.47712125471966244,0.20696294970966
0,0.0,0.0,1.0,0.0,0.0,1.0,0.0,0.0,1,-0.4362456702295373,0.6989700043360189,0.47712125471966244,0.20696294970966
1,0.0,1.0,0.0,1.0,0.0,0.0,0.0,0.0,0,0.059717695590372495,0.3010299956639812,0.0,0.17162238659106926
0,1.0,0.0,0.0,1.0,0.0,0.0,0.0,0.0,0,0.48482915200743804,0.3010299956639812,0.0,0.7104403560342276
0,1.0,0.0,0.0,1.0,0.0,0.0,0.0,0.0,0,0.8154713958873779,0.0,0.0,0.17162238659106926
1,0.0,1.0,0.0,0.0,1.0,0.0,0.0,0.0,1,-0.24730724515528596,0.3010299956639812,0.0,0.17162238659106926
1,0.0,1.0,0.0,1.0,0.0,0.0,0.0,0.0,0,-0.058368820081034604,0.0,0.0,0.09030559325421714
0,0.0,0.0,1.0,1.0,0.0,0.0,0.0,0.0,0,0.08333499872465391,0.3010299956639812,0.3010299956639812,0.13494189690874048
1,0.0,1.0,0.0,0.0,0.0,0.0,1.0,0.0,0,-0.5070975796323816,0.3010299956639812,0.3010299956639812,0.2436434393919888
1,1.0,0.0,0.0,1.0,0.0,0.0,0.0,0.0,0,-0.2945418514238488,0.0,0.47712125471966244,0.7403093290297942
0,0.0,1.0,0.0,1.0,0.0,0.0,0.0,0.0,0,-0.058368820081034604,0.0,0.0,0.17162238659106926
0,0.0,0.0,1.0,1.0,0.0,0.0,0.0,0.0,0,-0.2000726388867231,0.0,0.0,0.04988469856921362
1,0.0,0.0,1.0,1.0,0.0,0.0,0.0,0.0,0,-0.1764553357524417,0.0,0.0,0.045836780420161004
1,0.0,0.0,1.0,0.0,0.0,1.0,0.0,0.0,1,-0.1764553357524417,0.0,0.0,0.04952157847044061
0,1.0,0.0,0.0,1.0,0.0,0.0,0.0,0.0,0,0.7682367896188151,0.0,0.0,0.1753071846413489
1,1.0,0.0,0.0,0.0,0.0,0.0,0.0,1.0,1,0.4375945457388752,0.3010299956639812,0.0,0.26273739292525583
0,1.0,0.0,0.0,1.0,0.0,0.0,0.0,0.0,0,0.36674263633603094,0.0,0.0,1.5217658903776095
1,1.0,0.0,0.0,0.0,1.0,0.0,0.0,0.0,1,0.22503881753034244,0.3010299956639812,0.3010299956639812,0.5310576873137979
1,0.0,0.0,1.0,0.0,1.0,0.0,0.0,0.0,1,0.15418690812749816,0.3010299956639812,0.0,0.11400554435033365
0,0.0,0.0,1.0,1.0,0.0,0.0,0.0,0.0,0,0.012483089321809655,0.0,0.0,0.04935408764997335
0,0.0,0.0,1.0,1.0,0.0,0.0,0.0,0.0,0,0.24865612066462384,0.0,0.0,0.050330894114938386
0,0.0,1.0,0.0,1.0,0.0,0.0,0.0,0.0,0,-0.034751516946753186,0.0,0.0,0.08787697635744193
0,0.0,0.0,1.0,1.0,0.0,0.0,0.0,0.0,0,0.24865612066462384,0.0,0.0,0.051363977495580415
0,0.0,0.0,1.0,0.0,0.0,1.0,0.0,0.0,1,0.7682367896188151,0.0,0.0,0.051363977495580415
0,0.0,0.0,1.0,1.0,0.0,0.0,0.0,0.0,0,-0.12922072948387886,0.47712125471966244,0.0,0.1592280658764924
0,0.0,0.0,1.0,1.0,0.0,0.0,0.0,0.0,0,-0.24730724515528596,0.0,0.0,0.050330894114938386
0,0.0,0.0,1.0,0.0,1.0,0.0,0.0,0.0,1,-0.011134213812471764,0.0,0.6989700043360189,0.1386266949590201
0,0.0,0.0,1.0,1.0,0.0,0.0,0.0,0.0,0,-0.034751516946753186,0.0,0.0,0.0458649188779995
1,0.0,0.0,1.0,1.0,0.0,0.0,0.0,0.0,0,0.059717695590372495,0.0,0.0,0.05005218938968087
1,0.0,1.0,0.0,1.0,0.0,0.0,0.0,0.0,0,0.7682367896188151,0.0,0.0,0.06777807790137137
1,1.0,0.0,0.0,0.0,1.0,0.0,0.0,0.0,1,0.5556810614102823,0.47712125471966244,0.0,0.3423236711050403
1,1.0,0.0,0.0,1.0,0.0,0.0,0.0,0.0,0,0.15418690812749816,0.0,0.0,0.1742184943083117
1,0.0,0.0,1.0,0.0,0.0,1.0,0.0,0.0,1,-0.1764553357524417,0.0,0.0,0.04935408764997335
0,0.0,0.0,1.0,1.0,0.0,0.0,0.0,0.0,0,-0.3181591545581302,0.0,0.0,0.051363977495580415
0,0.0,0.0,1.0,1.0,0.0,0.0,0.0,0.0,0,-0.24730724515528596,0.0,0.0,0.09457660917613213
1,0.0,1.0,0.0,0.0,0.0,1.0,0.0,0.0,1,0.10695230185893533,0.0,0.0,0.08452715994809684
1,1.0,0.0,0.0,0.0,1.0,0.0,0.0,0.0,1,0.22503881753034244,0.3010299956639812,0.0,0.3719414078699059
0,0.0,0.0,1.0,0.0,1.0,0.0,0.0,0.0,1,-0.27092454828956736,0.3010299956639812,0.0,0.09429723448759274
1,0.0,0.0,1.0,1.0,0.0,0.0,0.0,0.0,0,0.059717695590372495,0.0,0.0,0.050526523393244135
1,0.0,1.0,0.0,0.0,0.0,1.0,0.0,0.0,1,-0.10560342634959743,0.3010299956639812,0.3010299956639812,0.19842091786583002
1,1.0,0.0,0.0,0.0,1.0,0.0,0.0,0.0,1,0.22503881753034244,0.3010299956639812,0.3010299956639812,0.7403093290297942
0,0.0,1.0,0.0,1.0,0.0,0.0,0.0,0.0,0,0.5792983645445637,0.0,0.0,0.17162238659106926
0,1.0,0.0,0.0,1.0,0.0,0.0,0.0,0.0,0,0.15418690812749816,0.0,0.0,0.2662547001550682
0,0.0,0.0,1.0,1.0,0.0,0.0,0.0,0.0,0,-0.3181591545581302,0.0,0.0,0.05580248423796266
1,1.0,0.0,0.0,0.0,0.0,1.0,0.0,0.0,1,-0.27092454828956736,0.0,0.47712125471966244,0.5310576873137979
0,0.0,1.0,0.0,1.0,0.0,0.0,0.0,0.0,0,0.4139772426045938,0.0,0.0,0.09792642558547722
1,1.0,0.0,0.0,1.0,0.0,0.0,0.0,0.0,0,0.7210021833502522,0.3010299956639812,0.3010299956639812,0.5280428525453873
0,0.0,0.0,1.0,1.0,0.0,0.0,0.0,0.0,0,-0.1764553357524417,0.0,0.0,0.051363977495580415
0,0.0,0.0,1.0,1.0,0.0,0.0,0.0,0.0,0,-0.1764553357524417,0.0,0.0,0.051363977495580415
0,0.0,0.0,1.0,1.0,0.0,0.0,0.0,0.0,0,0.13056960499321676,0.0,0.0,0.04516681713829199
1,1.0,0.0,0.0,0.0,1.0,0.0,0.0,0.0,1,0.5320637582760008,0.3010299956639812,0.0,0.5217900852357037
0,0.0,0.0,1.0,1.0,0.0,0.0,0.0,0.0,0,0.4139772426045938,0.0,0.0,0.04600427124062826
0,0.0,0.0,1.0,0.0,0.0,1.0,0.0,0.0,1,0.24865612066462384,0.0,0.47712125471966244,0.04935408764997335
0,0.0,1.0,0.0,1.0,0.0,0.0,0.0,0.0,0,0.1778042112617796,0.3010299956639812,0.0,0.17162238659106926
0,0.0,0.0,1.0,1.0,0.0,0.0,0.0,0.0,0,0.15418690812749816,0.3010299956639812,0.3010299956639812,0.1592280658764924
1,0.0,1.0,0.0,0.0,0.0,1.0,0.0,0.0,1,0.03610039245609108,0.0,0.0,0.2185198163219006
0,0.0,0.0,1.0,1.0,0.0,0.0,0.0,0.0,0,0.46121184887315664,0.0,0.0,-0.002568066694875608
0,0.0,0.0,1.0,1.0,0.0,0.0,0.0,0.0,0,-0.27092454828956736,0.0,0.0,0.045836780420161004
1,1.0,0.0,0.0,0.0,0.0,0.0,0.0,1.0,0,0.46121184887315664,0.3010299956639812,0.0,0.37883666996690185
1,0.0,1.0,0.0,0.0,1.0,0.0,0.0,0.0,1,-0.12922072948387886,0.47712125471966244,0.3010299956639812,0.17832201940975947
0,0.0,0.0,1.0,1.0,0.0,0.0,0.0,0.0,0,0.2958907269331867,0.0,0.0,0.050330894114938386
0,1.0,0.0,0.0,1.0,0.0,0.0,0.0,0.0,0,0.1778042112617796,0.0,0.0,0.28149636481758833
0,0.0,0.0,1.0,1.0,0.0,0.0,0.0,0.0,0,0.34312533320174954,0.0,0.0,0.051363977495580415
1,1.0,0.0,0.0,1.0,0.0,0.0,0.0,0.0,0,0.13056960499321676,0.0,0.0,0.1753071846413489
0,0.0,0.0,1.0,1.0,0.0,0.0,0.0,0.0,0,0.15418690812749816,0.3010299956639812,0.0,0.10161122363575682
0,0.0,0.0,1.0,1.0,0.0,0.0,0.0,0.0,0,0.012483089321809655,0.0,0.0,0.050330894114938386
1,1.0,0.0,0.0,1.0,0.0,0.0,0.0,0.0,0,-0.058368820081034604,0.0,0.0,0.2017707342751751
1,0.0,1.0,0.0,0.0,1.0,0.0,0.0,0.0,1,-0.1764553357524417,0.3010299956639812,0.47712125471966244,0.27599730620000745
1,1.0,0.0,0.0,0.0,0.0,1.0,0.0,0.0,1,0.24865612066462384,0.0,0.0,1.0255743347433675
0,0.0,0.0,1.0,0.0,1.0,0.0,0.0,0.0,1,0.22503881753034244,0.3010299956639812,0.7781512503836436,0.20696294970966
0,0.0,0.0,1.0,1.0,0.0,0.0,0.0,0.0,0,-0.2000726388867231,0.0,0.0,0.04466434467689022
1,0.0,0.0,1.0,0.0,0.0,1.0,0.0,0.0,1,-0.27092454828956736,0.3010299956639812,0.0,0.10127624199482231
0,0.0,0.0,1.0,1.0,0.0,0.0,0.0,0.0,0,-0.1764553357524417,0.0,0.0,0.04935408764997335
0,0.0,0.0,1.0,1.0,0.0,0.0,0.0,0.0,0,0.13056960499321676,0.0,0.0,0.051363977495580415
1,0.0,1.0,0.0,0.0,0.0,1.0,0.0,0.0,1,-0.12922072948387886,0.3010299956639812,0.47712125471966244,0.43290806651998665
0,0.0,0.0,1.0,1.0,0.0,0.0,0.0,0.0,0,0.10695230185893533,0.3010299956639812,0.3010299956639812,0.0939066458942631
0,0.0,0.0,1.0,0.0,1.0,0.0,0.0,0.0,1,-0.08198612321531602,0.3010299956639812,0.0,0.10529602168603644
1,0.0,1.0,0.0,0.0,0.0,1.0,0.0,0.0,1,-0.6015667921695073,0.47712125471966244,0.3010299956639812,0.25871761323404174
0,0.0,1.0,0.0,1.0,0.0,0.0,0.0,0.0,0,-0.08198612321531602,0.0,0.0,0.06777807790137137
0,0.0,0.0,1.0,1.0,0.0,0.0,0.0,0.0,0,-0.058368820081034604,0.3010299956639812,0.0,0.09426976599303612
1,1.0,0.0,0.0,1.0,0.0,0.0,0.0,0.0,0,0.2958907269331867,0.3010299956639812,0.0,0.34952577638513227
1,0.0,0.0,1.0,1.0,0.0,0.0,0.0,0.0,0,-0.22368994202100453,0.3010299956639812,0.3010299956639812,0.10289554324709974
0,0.0,0.0,1.0,1.0,0.0,0.0,0.0,0.0,0,-0.2000726388867231,0.0,0.0,0.05005218938968087
0,0.0,0.0,1.0,1.0,0.0,0.0,0.0,0.0,0,-0.2000726388867231,0.0,0.0,0.10529602168603644
0,1.0,0.0,0.0,1.0,0.0,0.0,0.0,0.0,0,0.7446194864845337,0.0,0.0,0.2139694257114462
0,0.0,1.0,0.0,0.0,0.0,0.0,0.0,1.0,0,0.650150273947408,0.0,0.0,0.08017239861594821
1,1.0,0.0,0.0,0.0,0.0,1.0,0.0,0.0,1,-0.2000726388867231,0.0,0.0,0.5197239184744197
0,0.0,0.0,1.0,1.0,0.0,0.0,0.0,0.0,0,-0.08198612321531602,0.0,0.0,0.050330894114938386
0,0.0,0.0,1.0,1.0,0.0,0.0,0.0,0.0,0,-0.27092454828956736,0.0,0.0,0.04924220378190122
1,1.0,0.0,0.0,1.0,0.0,0.0,0.0,0.0,0,1.1933482460358806,0.0,0.0,0.19842091786583002
0,0.0,0.0,1.0,1.0,0.0,0.0,0.0,0.0,0,0.5084464551417195,0.0,0.0,0.04469248313472872
1,1.0,0.0,0.0,0.0,0.0,0.0,0.0,1.0,0,0.059717695590372495,0.0,0.0,0.2017707342751751
0,1.0,0.0,0.0,1.0,0.0,0.0,0.0,0.0,0,0.012483089321809655,0.0,0.0,-0.002568066694875608
0,0.0,0.0,1.0,0.0,0.0,1.0,0.0,0.0,1,-0.48348027649810016,0.6020599913279624,0.47712125471966244,0.18435168894658063
1,0.0,1.0,0.0,0.0,0.0,1.0,0.0,0.0,1,-0.034751516946753186,0.0,0.0,0.08452715994809684
0,0.0,0.0,1.0,1.0,0.0,0.0,0.0,0.0,0,0.059717695590372495,0.0,0.0,0.050526523393244135
0,0.0,1.0,0.0,1.0,0.0,0.0,0.0,0.0,0,0.03610039245609108,0.3010299956639812,0.3010299956639812,0.17329729479574182
0,0.0,0.0,1.0,0.0,1.0,0.0,0.0,0.0,1,0.2722734237989053,0.0,0.7781512503836436,0.2633236107968912
0,0.0,0.0,1.0,1.0,0.0,0.0,0.0,0.0,0,0.1778042112617796,0.3010299956639812,0.0,0.10529602168603644
0,0.0,0.0,1.0,1.0,0.0,0.0,0.0,0.0,0,-0.22368994202100453,0.0,0.0,0.05005218938968087
1,1.0,0.0,0.0,0.0,0.0,0.0,0.0,1.0,1,-0.12922072948387886,0.0,0.0,0.4617164876403544
0,0.0,0.0,1.0,0.0,0.0,1.0,0.0,0.0,1,-0.64880139843807,0.6020599913279624,0.47712125471966244,0.18435168894658063
1,0.0,0.0,1.0,1.0,0.0,0.0,0.0,0.0,0,0.059717695590372495,0.0,0.0,0.3759330491032815
1,0.0,0.0,1.0,0.0,0.0,1.0,0.0,0.0,1,-0.6783230273559219,0.47712125471966244,0.3010299956639812,0.12645547201730561
1,1.0,0.0,0.0,1.0,0.0,0.0,0.0,0.0,0,0.4375945457388752,0.3010299956639812,0.0,0.5114893997769676
0,0.0,0.0,1.0,1.0,0.0,0.0,0.0,0.0,0,-0.24730724515528596,0.0,0.0,0.050330894114938386
1,1.0,0.0,0.0,0.0,0.0,0.0,0.0,1.0,0,0.6265329708131265,0.0,0.0,0.23526889836862608
0,0.0,0.0,1.0,1.0,0.0,0.0,0.0,0.0,0,-0.2000726388867231,0.0,0.0,0.04801416108623532
1,0.0,0.0,1.0,0.0,0.0,1.0,0.0,0.0,1,-0.15283803261816029,0.0,0.0,0.04801416108623532
0,0.0,0.0,1.0,1.0,0.0,0.0,0.0,0.0,0,-0.15283803261816029,0.0,0.0,0.050330894114938386
1,0.0,1.0,0.0,0.0,0.0,1.0,0.0,0.0,1,-0.27092454828956736,0.0,0.3010299956639812,0.15152348813499872
0,0.0,0.0,1.0,1.0,0.0,0.0,0.0,0.0,0,-0.2000726388867231,0.0,0.0,0.053931946754984354
1,0.0,0.0,1.0,0.0,0.0,1.0,0.0,0.0,1,-0.3181591545581302,0.0,0.0,0.04988469856921362
0,0.0,0.0,1.0,0.0,0.0,1.0,0.0,0.0,1,-0.27092454828956736,0.0,0.0,0.04265445483128316
0,0.0,1.0,0.0,1.0,0.0,0.0,0.0,0.0,0,-0.12922072948387886,0.47712125471966244,0.0,0.4898549454788532
0,0.0,0.0,1.0,1.0,0.0,0.0,0.0,0.0,0,-0.058368820081034604,0.0,0.0,0.050330894114938386
0,0.0,0.0,1.0,0.0,1.0,0.0,0.0,0.0,1,0.059717695590372495,0.3010299956639812,0.3010299956639812,0.10127624199482231
0,0.0,1.0,0.0,1.0,0.0,0.0,0.0,0.0,0,-0.15283803261816029,0.0,0.0,0.08452715994809684
0,1.0,0.0,0.0,1.0,0.0,0.0,0.0,0.0,0,0.6737675770816894,0.0,0.47712125471966244,0.7563328408422555
1,1.0,0.0,0.0,0.0,0.0,0.0,0.0,1.0,0,0.48482915200743804,0.47712125471966244,0.0,0.892837859523068
0,0.0,0.0,1.0,1.0,0.0,0.0,0.0,0.0,0,0.24865612066462384,0.0,0.0,0.045836780420161004
0,1.0,0.0,0.0,1.0,0.0,0.0,0.0,0.0,0,0.4139772426045938,0.0,0.0,0.16885878805335958
0,0.0,0.0,1.0,1.0,0.0,0.0,0.0,0.0,0,0.15418690812749816,0.0,0.0,0.047651040987462305
1,0.0,0.0,1.0,1.0,0.0,0.0,0.0,0.0,0,-0.22368994202100453,0.3010299956639812,0.0,0.050526523393244135
0,0.0,1.0,0.0,1.0,0.0,0.0,0.0,0.0,0,0.059717695590372495,0.47712125471966244,0.0,0.4898549454788532
0,0.0,1.0,0.0,1.0,0.0,0.0,0.0,0.0,0,-0.10560342634959743,0.0,0.0,0.08452715994809684
0,0.0,0.0,1.0,1.0,0.0,0.0,0.0,0.0,0,0.46121184887315664,0.0,0.0,0.04952157847044061
0,0.0,0.0,1.0,1.0,0.0,0.0,0.0,0.0,0,0.3195080300674681,0.0,0.0,0.051363977495580415
1,1.0,0.0,0.0,0.0,1.0,0.0,0.0,0.0,1,0.4375945457388752,0.3010299956639812,0.0,0.34581283987701417
1,0.0,1.0,0.0,0.0,1.0,0.0,0.0,0.0,1,0.24865612066462384,0.3010299956639812,0.3010299956639812,0.25871761323404174
0,1.0,0.0,0.0,1.0,0.0,0.0,0.0,0.0,0,0.03610039245609108,0.3010299956639812,0.0,0.34581283987701417
0,0.0,1.0,0.0,1.0,0.0,0.0,0.0,0.0,0,0.9571752146930665,0.0,0.0,0.06777807790137137
1,0.0,1.0,0.0,1.0,0.0,0.0,0.0,0.0,0,0.03610039245609108,0.0,0.0,0.08452715994809684
0,0.0,1.0,0.0,1.0,0.0,0.0,0.0,0.0,0,-0.24730724515528596,0.0,0.0,-0.002568066694875608
0,0.0,0.0,1.0,1.0,0.0,0.0,0.0,0.0,0,-0.27092454828956736,0.0,0.0,0.04952157847044061
0,0.0,0.0,1.0,1.0,0.0,0.0,0.0,0.0,0,-0.11741207791673815,0.0,0.0,0.051363977495580415
1,0.0,0.0,1.0,0.0,0.0,1.0,0.0,0.0,1,-0.27092454828956736,0.0,0.0,0.06336770961682761
0,0.0,0.0,1.0,0.0,1.0,0.0,0.0,0.0,1,0.3195080300674681,0.3010299956639812,0.8450980400142568,0.3116447125016942
1,1.0,0.0,0.0,1.0,0.0,0.0,0.0,0.0,0,0.15418690812749816,0.0,0.3010299956639812,3.429849455598414
0,0.0,0.0,1.0,0.0,0.0,1.0,0.0,0.0,1,-0.034751516946753186,0.0,0.0,0.0519501953672158
1,1.0,0.0,0.0,1.0,0.0,0.0,0.0,0.0,0,-0.058368820081034604,0.0,0.0,0.5114893997769676
0,0.0,0.0,1.0,1.0,0.0,0.0,0.0,0.0,0,-0.22368994202100453,0.0,0.0,0.059236046057541375
0,0.0,0.0,1.0,1.0,0.0,0.0,0.0,0.0,0,-0.36539376082669306,0.7781512503836436,0.47712125471966244,0.3116447125016942
0,0.0,1.0,0.0,1.0,0.0,0.0,0.0,0.0,0,0.7210021833502522,0.3010299956639812,0.3010299956639812,0.25871761323404174
0,0.0,1.0,0.0,1.0,0.0,0.0,0.0,0.0,0,-0.10560342634959743,0.3010299956639812,0.47712125471966244,0.27599730620000745
0,0.0,0.0,1.0,1.0,0.0,0.0,0.0,0.0,0,-0.36539376082669306,0.6989700043360189,0.3010299956639812,0.2633236107968912
0,0.0,0.0,1.0,1.0,0.0,0.0,0.0,0.0,0,-0.24730724515528596,0.0,0.0,0.06557255877745856
0,0.0,0.0,1.0,1.0,0.0,0.0,0.0,0.0,0,-0.27092454828956736,0.0,0.0,0.04966093083306936
1,1.0,0.0,0.0,0.0,0.0,1.0,0.0,0.0,1,-0.3417764576924116,0.0,0.3010299956639812,1.4133155841250622
1,1.0,0.0,0.0,1.0,0.0,0.0,0.0,0.0,0,0.03610039245609108,0.3010299956639812,0.0,0.37931100397046513
1,0.0,0.0,1.0,0.0,0.0,1.0,0.0,0.0,1,-0.6015667921695073,0.0,0.3010299956639812,0.08731889694364504
1,0.0,0.0,1.0,1.0,0.0,0.0,0.0,0.0,0,0.1778042112617796,0.0,0.0,0.3759330491032815
0,0.0,0.0,1.0,1.0,0.0,0.0,0.0,0.0,0,-0.10560342634959743,0.0,0.0,0.045836780420161004
0,1.0,0.0,0.0,0.0,0.0,0.0,0.0,1.0,0,0.7210021833502522,0.0,0.0,0.1753071846413489
0,0.0,1.0,0.0,1.0,0.0,0.0,0.0,0.0,0,0.5320637582760008,0.0,0.0,0.08787697635744193
0,0.0,0.0,1.0,1.0,0.0,0.0,0.0,0.0,0,0.34312533320174954,0.0,0.0,0.051363977495580415
1,0.0,0.0,1.0,0.0,0.0,1.0,0.0,0.0,1,-0.24730724515528596,0.0,0.0,0.04924220378190122
0,1.0,0.0,0.0,1.0,0.0,0.0,0.0,0.0,0,0.46121184887315664,0.3010299956639812,0.3010299956639812,0.7403093290297942
0,0.0,0.0,1.0,1.0,0.0,0.0,0.0,0.0,0,0.2958907269331867,0.0,0.0,0.048684124368104334
1,1.0,0.0,0.0,0.0,1.0,0.0,0.0,0.0,1,-0.27092454828956736,0.3010299956639812,0.0,1.5217658903776095
1,1.0,0.0,0.0,1.0,0.0,0.0,0.0,0.0,0,0.13056960499321676,0.0,0.0,0.17354853102644272
0,0.0,0.0,1.0,0.0,0.0,1.0,0.0,0.0,1,-0.27092454828956736,0.0,0.3010299956639812,0.09426976599303612
0,0.0,0.0,1.0,1.0,0.0,0.0,0.0,0.0,0,-0.10560342634959743,0.0,0.0,0.04929848069757822
0,0.0,0.0,1.0,1.0,0.0,0.0,0.0,0.0,0,-0.08198612321531602,0.3010299956639812,0.0,0.05005218938968087
0,0.0,1.0,0.0,1.0,0.0,0.0,0.0,0.0,0,0.22503881753034244,0.0,0.0,0.17162238659106926
1,0.0,1.0,0.0,0.0,1.0,0.0,0.0,0.0,1,0.36674263633603094,0.0,0.0,0.08787697635744193
1,1.0,0.0,0.0,1.0,0.0,0.0,0.0,0.0,0,0.2958907269331867,0.0,0.0,0.17354853102644272
1,1.0,0.0,0.0,0.0,0.0,1.0,0.0,0.0,1,-0.1764553357524417,0.0,0.0,1.0127612869776226
1,0.0,0.0,1.0,0.0,0.0,0.0,1.0,0.0,0,-0.6015667921695073,0.3010299956639812,0.3010299956639812,0.09957319533231127
1,1.0,0.0,0.0,0.0,0.0,0.0,0.0,1.0,1,-0.12922072948387886,0.0,0.0,0.3290918962881272
0,1.0,0.0,0.0,1.0,0.0,0.0,0.0,0.0,0,0.2722734237989053,0.0,0.0,0.1753071846413489
1,1.0,0.0,0.0,1.0,0.0,0.0,0.0,0.0,0,0.4375945457388752,0.3010299956639812,0.0,0.34581283987701417
0,0.0,0.0,1.0,1.0,0.0,0.0,0.0,0.0,0,-0.011134213812471764,0.0,0.0,0.060966561214609055
0,0.0,1.0,0.0,1.0,0.0,0.0,0.0,0.0,0,0.5320637582760008,0.0,0.0,0.08452715994809684
0,0.0,0.0,1.0,1.0,0.0,0.0,0.0,0.0,0,-0.24730724515528596,0.0,0.0,0.048684124368104334
1,1.0,0.0,0.0,0.0,0.0,1.0,0.0,0.0,1,0.201421514396061,0.0,0.0,1.5217658903776095
1,0.0,1.0,0.0,0.0,0.0,1.0,0.0,0.0,1,-0.058368820081034604,0.0,0.0,0.06777807790137137
0,0.0,0.0,1.0,1.0,0.0,0.0,0.0,0.0,0,0.08333499872465391,0.0,0.0,0.04952157847044061
1,0.0,1.0,0.0,0.0,0.0,1.0,0.0,0.0,1,-0.5543321859009444,0.0,0.3010299956639812,0.2185198163219006
0,0.0,0.0,1.0,1.0,0.0,0.0,0.0,0.0,0,-0.2945418514238488,0.3010299956639812,0.0,0.04469248313472872
0,0.0,1.0,0.0,1.0,0.0,0.0,0.0,0.0,0,0.10695230185893533,0.0,0.0,0.08452715994809684
0,0.0,1.0,0.0,1.0,0.0,0.0,0.0,0.0,0,0.48482915200743804,0.0,0.0,0.08452715994809684
1,1.0,0.0,0.0,1.0,0.0,0.0,0.0,0.0,0,-0.058368820081034604,0.3010299956639812,0.0,0.3531824359775734
0,0.0,0.0,1.0,1.0,0.0,0.0,0.0,0.0,0,-0.22368994202100453,0.0,0.0,0.055467502597028144
1,0.0,1.0,0.0,0.0,1.0,0.0,0.0,0.0,1,0.012483089321809655,0.6020599913279624,0.0,0.13812422249761833
1,0.0,0.0,1.0,0.0,0.0,1.0,0.0,0.0,1,-0.034751516946753186,0.0,0.0,0.04927034223973972
0,0.0,1.0,0.0,1.0,0.0,0.0,0.0,0.0,0,-0.10560342634959743,0.3010299956639812,0.0,0.17162238659106926
0,0.0,0.0,1.0,0.0,0.0,1.0,0.0,0.0,1,-0.10560342634959743,0.3010299956639812,0.0,0.050526523393244135
1,1.0,0.0,0.0,0.0,0.0,1.0,0.0,0.0,1,-0.011134213812471764,0.0,0.0,1.4133155841250622
0,0.0,0.0,1.0,1.0,0.0,0.0,0.0,0.0,0,-0.4362456702295373,0.0,0.0,0.12330128488626631
0,0.0,1.0,0.0,1.0,0.0,0.0,0.0,0.0,0,0.2722734237989053,0.0,0.0,-0.002568066694875608
0,0.0,1.0,0.0,1.0,0.0,0.0,0.0,0.0,0,-0.15283803261816029,0.0,0.0,0.08452715994809684
0,0.0,1.0,0.0,1.0,0.0,0.0,0.0,0.0,0,-0.15283803261816029,0.0,0.0,0.08452715994809684
0,0.0,0.0,1.0,1.0,0.0,0.0,0.0,0.0,0,-0.022942865379612473,0.0,0.0,0.10529602168603644
0,0.0,0.0,1.0,0.0,1.0,0.0,0.0,0.0,1,0.4375945457388752,0.3010299956639812,0.6020599913279624,0.2277318114475996
1,1.0,0.0,0.0,1.0,0.0,0.0,0.0,0.0,0,0.13056960499321676,0.0,0.0,3.429849455598414
0,0.0,0.0,1.0,1.0,0.0,0.0,0.0,0.0,0,-0.22368994202100453,0.0,0.0,0.050330894114938386
0,0.0,0.0,1.0,1.0,0.0,0.0,0.0,0.0,0,0.059717695590372495,0.0,0.0,0.050330894114938386
1,1.0,0.0,0.0,1.0,0.0,0.0,0.0,0.0,0,0.36674263633603094,0.0,0.0,0.19842091786583002
0,1.0,0.0,0.0,1.0,0.0,0.0,0.0,0.0,0,0.15418690812749816,0.3010299956639812,0.0,0.5256979810588457
1,1.0,0.0,0.0,0.0,0.0,1.0,0.0,0.0,1,-0.2000726388867231,0.47712125471966244,0.47712125471966244,1.7552480941089628
0,0.0,0.0,1.0,1.0,0.0,0.0,0.0,0.0,0,-0.12922072948387886,0.3010299956639812,0.0,0.10529602168603644
1,0.0,0.0,1.0,1.0,0.0,0.0,0.0,0.0,0,0.03610039245609108,0.0,0.0,0.050526523393244135
0,1.0,0.0,0.0,0.0,0.0,0.0,0.0,1.0,0,0.9571752146930665,0.3010299956639812,0.3010299956639812,0.47310586343212774
0,0.0,0.0,1.0,1.0,0.0,0.0,0.0,0.0,0,-0.3181591545581302,0.3010299956639812,0.3010299956639812,0.1330994978836007
1,0.0,1.0,0.0,0.0,0.0,1.0,0.0,0.0,1,0.012483089321809655,0.0,0.0,0.08452715994809684
0,1.0,0.0,0.0,1.0,0.0,0.0,0.0,0.0,0,-0.24730724515528596,0.3010299956639812,0.0,0.3531824359775734
0,0.0,0.0,1.0,1.0,0.0,0.0,0.0,0.0,0,0.03610039245609108,0.0,0.0,0.04935408764997335
1,0.0,1.0,0.0,0.0,0.0,1.0,0.0,0.0,1,-0.6015667921695073,0.3010299956639812,0.3010299956639812,0.15152348813499872
1,0.0,0.0,1.0,0.0,0.0,0.0,1.0,0.0,0,-0.5543321859009444,0.0,0.3010299956639812,0.0810098527182845
0,0.0,0.0,1.0,1.0,0.0,0.0,0.0,0.0,0,0.08333499872465391,0.0,0.0,0.06107844508268118
0,0.0,0.0,1.0,1.0,0.0,0.0,0.0,0.0,0,-0.15283803261816029,0.0,0.0,0.050330894114938386
1,0.0,1.0,0.0,0.0,1.0,0.0,0.0,0.0,1,0.4375945457388752,0.3010299956639812,0.47712125471966244,0.43290806651998665
1,0.0,1.0,0.0,0.0,0.0,0.0,1.0,0.0,0,-0.6802124116066643,0.3010299956639812,0.3010299956639812,0.09457660917613213
0,0.0,0.0,1.0,1.0,0.0,0.0,0.0,0.0,0,-0.034751516946753186,0.0,0.0,0.04966093083306936
0,0.0,1.0,0.0,1.0,0.0,0.0,0.0,0.0,0,-0.27092454828956736,0.0,0.0,0.07447771072006155
0,0.0,0.0,1.0,1.0,0.0,0.0,0.0,0.0,0,0.10695230185893533,0.0,0.0,0.051363977495580415
1,1.0,0.0,0.0,0.0,0.0,0.0,0.0,1.0,1,0.08333499872465391,0.0,0.0,0.5769501721218256
0,0.0,0.0,1.0,1.0,0.0,0.0,0.0,0.0,0,-0.15283803261816029,0.0,0.0,0.09457660917613213
0,0.0,0.0,1.0,1.0,0.0,0.0,0.0,0.0,0,0.2722734237989053,0.0,0.0,0.04516681713829199
1,0.0,0.0,1.0,1.0,0.0,0.0,0.0,0.0,0,-0.22368994202100453,0.0,0.0,0.0458649188779995
1,1.0,0.0,0.0,0.0,1.0,0.0,0.0,0.0,1,0.15418690812749816,0.3010299956639812,0.47712125471966244,0.801387871547947
0,0.0,0.0,1.0,1.0,0.0,0.0,0.0,0.0,0,-0.3181591545581302,0.0,0.0,0.04952157847044061
1,1.0,0.0,0.0,0.0,1.0,0.0,0.0,0.0,1,0.5084464551417195,0.3010299956639812,0.0,0.5197239184744197
0,1.0,0.0,0.0,0.0,0.0,0.0,0.0,1.0,0,0.3903599394703124,0.0,0.0,0.26273739292525583
0,0.0,0.0,1.0,0.0,0.0,1.0,0.0,0.0,1,0.024291740888950364,0.0,0.0,0.04935408764997335
0,0.0,0.0,1.0,1.0,0.0,0.0,0.0,0.0,0,-0.034751516946753186,0.3010299956639812,0.0,0.1592280658764924
0,0.0,0.0,1.0,1.0,0.0,0.0,0.0,0.0,0,0.059717695590372495,0.0,0.0,0.0534576127514211
0,0.0,0.0,1.0,1.0,0.0,0.0,0.0,0.0,0,-0.12922072948387886,0.0,0.0,0.06107844508268118
0,0.0,0.0,1.0,1.0,0.0,0.0,0.0,0.0,0,0.4375945457388752,0.0,0.0,0.05005218938968087
0,0.0,1.0,0.0,0.0,1.0,0.0,0.0,0.0,1,0.650150273947408,0.0,0.0,0.06777807790137137
0,0.0,0.0,1.0,1.0,0.0,0.0,0.0,0.0,0,-0.011134213812471764,0.0,0.0,0.045836780420161004
1,0.0,1.0,0.0,0.0,1.0,0.0,0.0,0.0,1,0.5792983645445637,0.3010299956639812,0.6020599913279624,0.15152348813499872
0,0.0,0.0,1.0,1.0,0.0,0.0,0.0,0.0,0,-0.27092454828956736,0.0,0.0,0.04935408764997335
0,0.0,0.0,1.0,1.0,0.0,0.0,0.0,0.0,0,-0.22368994202100453,0.0,0.0,0.04935408764997335
1,0.0,0.0,1.0,0.0,0.0,1.0,0.0,0.0,1,-0.5779494890352258,0.0,0.0,0.0810098527182845
0,0.0,0.0,1.0,1.0,0.0,0.0,0.0,0.0,0,-0.1764553357524417,0.0,0.0,0.04927034223973972
1,1.0,0.0,0.0,0.0,1.0,0.0,0.0,0.0,1,0.3195080300674681,0.0,0.3010299956639812,1.4133155841250622
1,0.0,0.0,1.0,0.0,0.0,1.0,0.0,0.0,1,-0.38901106396097446,0.0,0.0,0.0458649188779995
1,1.0,0.0,0.0,0.0,1.0,0.0,0.0,0.0,1,-0.2945418514238488,0.3010299956639812,0.0,0.37931100397046513
0,1.0,0.0,0.0,1.0,0.0,0.0,0.0,0.0,0,-0.011134213812471764,0.0,0.0,0.19842091786583002
0,0.0,0.0,1.0,1.0,0.0,0.0,0.0,0.0,0,0.13056960499321676,0.3010299956639812,0.47712125471966244,0.1545383229034093
0,0.0,0.0,1.0,1.0,0.0,0.0,0.0,0.0,0,-0.10560342634959743,0.0,0.0,0.04466434467689022
0,0.0,0.0,1.0,1.0,0.0,0.0,0.0,0.0,0,-0.10560342634959743,0.0,0.0,0.04600427124062826
1,0.0,0.0,1.0,0.0,0.0,1.0,0.0,0.0,1,-0.27092454828956736,0.0,0.0,0.047651040987462305
0,0.0,0.0,1.0,0.0,0.0,0.0,1.0,0.0,0,-0.5070975796323816,0.6989700043360189,0.3010299956639812,0.1925587391494761
1,0.0,0.0,1.0,0.0,0.0,0.0,1.0,0.0,0,-0.6724187015723515,0.3010299956639812,0.47712125471966244,0.135276878549675
0,1.0,0.0,0.0,1.0,0.0,0.0,0.0,0.0,0,0.3903599394703124,0.0,0.0,0.5280428525453873
0,0.0,0.0,1.0,1.0,0.0,0.0,0.0,0.0,0,-0.22368994202100453,0.0,0.0,0.04935408764997335
0,0.0,1.0,0.0,1.0,0.0,0.0,0.0,0.0,0,-0.3181591545581302,0.0,0.0,0.17162238659106926
0,0.0,0.0,1.0,0.0,0.0,1.0,0.0,0.0,1,-0.2000726388867231,0.9542425094393249,0.47712125471966244,0.463391395845027
0,1.0,0.0,0.0,1.0,0.0,0.0,0.0,0.0,0,0.3195080300674681,0.0,0.0,0.20308252238107466
0,0.0,0.0,1.0,1.0,0.0,0.0,0.0,0.0,0,-0.10560342634959743,0.0,0.0,0.050330894114938386
0,0.0,1.0,0.0,1.0,0.0,0.0,0.0,0.0,0,0.22503881753034244,0.0,0.0,0.08452715994809684
1,1.0,0.0,0.0,0.0,0.0,0.0,0.0,1.0,1,0.46121184887315664,0.0,0.0,0.171148052587506
1,0.0,0.0,1.0,0.0,1.0,0.0,0.0,0.0,1,0.03610039245609108,0.0,0.0,0.0556068549596569
0,0.0,0.0,1.0,1.0,0.0,0.0,0.0,0.0,0,0.012483089321809655,0.0,0.0,0.0458649188779995
0,0.0,0.0,1.0,0.0,1.0,0.0,0.0,0.0,1,0.012483089321809655,0.3010299956639812,0.3010299956639812,0.1592280658764924
0,0.0,1.0,0.0,1.0,0.0,0.0,0.0,0.0,0,0.10695230185893533,0.0,0.0,0.08452715994809684
1,0.0,1.0,0.0,0.0,1.0,0.0,0.0,0.0,1,0.03610039245609108,0.3010299956639812,0.3010299956639812,0.17329729479574182
1,1.0,0.0,0.0,0.0,0.0,0.0,1.0,0.0,0,-0.4362456702295373,0.3010299956639812,0.47712125471966244,0.801387871547947
1,0.0,0.0,1.0,0.0,0.0,0.0,1.0,0.0,0,-0.6861167373902347,0.0,0.3010299956639812,0.05449069613206312
1,0.0,0.0,1.0,1.0,0.0,0.0,0.0,0.0,0,-0.058368820081034604,0.0,0.0,0.04416187221548845
0,0.0,0.0,1.0,1.0,0.0,0.0,0.0,0.0,0,0.03610039245609108,0.0,0.0,0.04952157847044061
0,1.0,0.0,0.0,1.0,0.0,0.0,0.0,0.0,0,0.22503881753034244,0.0,0.0,-0.002568066694875608
0,0.0,0.0,1.0,0.0,0.0,1.0,0.0,0.0,1,-0.27092454828956736,0.0,0.0,0.04952157847044061
0,0.0,1.0,0.0,1.0,0.0,0.0,0.0,0.0,0,0.22503881753034244,0.0,0.0,0.08452715994809684
1,1.0,0.0,0.0,0.0,1.0,0.0,0.0,0.0,1,0.08333499872465391,0.3010299956639812,0.0,0.3531824359775734
0,0.0,0.0,1.0,1.0,0.0,0.0,0.0,0.0,0,-0.08198612321531602,0.0,0.0,0.05027528716254325
0,0.0,0.0,1.0,1.0,0.0,0.0,0.0,0.0,0,0.22503881753034244,0.0,0.0,0.1592280658764924
0,0.0,1.0,0.0,1.0,0.0,0.0,0.0,0.0,0,0.13056960499321676,0.0,0.0,0.06777807790137137
0,0.0,0.0,1.0,0.0,0.0,1.0,0.0,0.0,1,-0.5543321859009444,0.6989700043360189,0.47712125471966244,0.20696294970966
0,0.0,0.0,1.0,1.0,0.0,0.0,0.0,0.0,0,0.024291740888950364,0.0,0.0,0.051363977495580415
0,1.0,0.0,0.0,1.0,0.0,0.0,0.0,0.0,0,0.22503881753034244,0.0,0.0,-0.002568066694875608
0,0.0,0.0,1.0,0.0,0.0,1.0,0.0,0.0,1,-0.15283803261816029,0.0,0.0,0.050526523393244135
0,0.0,1.0,0.0,1.0,0.0,0.0,0.0,0.0,0,0.03610039245609108,0.3010299956639812,0.3010299956639812,0.24534648605449982
0,0.0,0.0,1.0,1.0,0.0,0.0,0.0,0.0,0,0.3195080300674681,0.0,0.0,0.04064456498567611
0,0.0,0.0,1.0,0.0,0.0,0.0,1.0,0.0,0,-0.4598629733638187,0.6020599913279624,0.47712125471966244,0.18435168894658063
1,1.0,0.0,0.0,0.0,1.0,0.0,0.0,0.0,1,0.5320637582760008,0.3010299956639812,0.3010299956639812,0.623847601852657
1,0.0,0.0,1.0,1.0,0.0,0.0,0.0,0.0,0,-0.058368820081034604,0.0,0.0,0.055467502597028144
0,1.0,0.0,0.0,0.0,0.0,0.0,0.0,1.0,0,0.201421514396061,0.0,0.0,-0.002568066694875608
1,0.0,0.0,1.0,0.0,1.0,0.0,0.0,0.0,1,-0.058368820081034604,0.0,0.3010299956639812,0.0810098527182845
0,0.0,0.0,1.0,0.0,0.0,0.0,1.0,0.0,0,-0.64880139843807,0.6989700043360189,0.3010299956639812,0.2633236107968912
0,0.0,0.0,1.0,1.0,0.0,0.0,0.0,0.0,0,0.15418690812749816,0.0,0.0,0.0439943813950212
0,0.0,0.0,1.0,1.0,0.0,0.0,0.0,0.0,0,-0.15283803261816029,0.0,0.0,0.3759330491032815
1,0.0,1.0,0.0,0.0,0.0,0.0,1.0,0.0,0,-0.6724187015723515,0.0,0.47712125471966244,0.24534648605449982
1,0.0,0.0,1.0,1.0,0.0,0.0,0.0,0.0,0,-0.24730724515528596,0.0,0.0,0.04935408764997335
1,1.0,0.0,0.0,0.0,1.0,0.0,0.0,0.0,1,0.7682367896188151,0.0,0.0,0.5334025588003395
1,0.0,0.0,1.0,0.0,1.0,0.0,0.0,0.0,1,-0.3417764576924116,0.3010299956639812,0.0,0.09426976599303612
1,0.0,1.0,0.0,0.0,0.0,0.0,1.0,0.0,0,-0.6764336431051794,0.3010299956639812,0.3010299956639812,0.12305004865556542
0,0.0,0.0,1.0,1.0,0.0,0.0,0.0,0.0,0,0.012483089321809655,0.0,0.0,0.0458649188779995
0,0.0,0.0,1.0,1.0,0.0,0.0,0.0,0.0,0,-0.15283803261816029,0.0,0.0,0.05005218938968087
0,0.0,0.0,1.0,1.0,0.0,0.0,0.0,0.0,0,-0.27092454828956736,0.0,0.0,0.05303888570025296
1,1.0,0.0,0.0,0.0,0.0,1.0,0.0,0.0,1,0.22503881753034244,0.3010299956639812,0.3010299956639812,0.5545620091316087
0,0.0,0.0,1.0,1.0,0.0,0.0,0.0,0.0,0,-0.2000726388867231,0.0,0.0,0.055467502597028144
0,0.0,0.0,1.0,1.0,0.0,0.0,0.0,0.0,0,-0.22368994202100453,0.0,0.0,0.051363977495580415
1,0.0,0.0,1.0,1.0,0.0,0.0,0.0,0.0,0,0.059717695590372495,0.0,0.0,0.3759330491032815
1,1.0,0.0,0.0,1.0,0.0,0.0,0.0,0.0,0,-0.011134213812471764,0.0,0.0,0.19641102802022298
0,0.0,0.0,1.0,1.0,0.0,0.0,0.0,0.0,0,-0.22368994202100453,0.0,0.0,0.050526523393244135
0,0.0,1.0,0.0,1.0,0.0,0.0,0.0,0.0,0,-0.3181591545581302,0.0,0.0,0.06777807790137137
1,1.0,0.0,0.0,0.0,0.0,1.0,0.0,0.0,1,0.012483089321809655,0.0,0.0,0.20512055068452023
0,0.0,0.0,1.0,1.0,0.0,0.0,0.0,0.0,0,0.11876095342607604,0.0,0.0,0.04056081957544248
0,0.0,0.0,1.0,1.0,0.0,0.0,0.0,0.0,0,-0.2945418514238488,0.0,0.0,0.055467502597028144
0,0.0,0.0,1.0,1.0,0.0,0.0,0.0,0.0,0,0.2958907269331867,0.0,0.0,0.04801416108623532
0,0.0,0.0,1.0,1.0,0.0,0.0,0.0,0.0,0,-0.27092454828956736,0.9542425094393249,0.47712125471966244,0.463391395845027
0,0.0,0.0,1.0,1.0,0.0,0.0,0.0,0.0,0,0.13056960499321676,0.0,0.0,0.050330894114938386
0,0.0,1.0,0.0,0.0,0.0,0.0,0.0,1.0,0,-0.034751516946753186,0.0,0.3010299956639812,0.2185198163219006
1,1.0,0.0,0.0,0.0,1.0,0.0,0.0,0.0,1,0.24865612066462384,0.3010299956639812,0.0,0.5943973559082587
0,0.0,0.0,1.0,0.0,0.0,0.0,1.0,0.0,0,-0.6015667921695073,0.6989700043360189,0.47712125471966244,0.20696294970966
0,0.0,0.0,1.0,1.0,0.0,0.0,0.0,0.0,0,1.0516444272301921,0.0,0.0,0.04952157847044061
0,0.0,0.0,1.0,0.0,0.0,1.0,0.0,0.0,1,-0.48348027649810016,0.3010299956639812,0.3010299956639812,0.09957319533231127
1,1.0,0.0,0.0,0.0,0.0,1.0,0.0,0.0,1,-0.3181591545581302,0.0,0.3010299956639812,0.2613974663615178
0,0.0,1.0,0.0,0.0,1.0,0.0,0.0,0.0,1,0.34312533320174954,0.3010299956639812,0.0,0.17162238659106926
1,0.0,0.0,1.0,0.0,1.0,0.0,0.0,0.0,1,-0.27092454828956736,0.0,0.3010299956639812,0.060073500159877655
1,1.0,0.0,0.0,0.0,1.0,0.0,0.0,0.0,1,0.36674263633603094,0.3010299956639812,0.3010299956639812,1.101978287334274
1,1.0,0.0,0.0,1.0,0.0,0.0,0.0,0.0,0,0.5084464551417195,0.0,0.0,0.1753071846413489
1,0.0,0.0,1.0,0.0,1.0,0.0,0.0,0.0,1,-0.12922072948387886,0.0,0.6020599913279624,0.12645547201730561
0,0.0,0.0,1.0,1.0,0.0,0.0,0.0,0.0,0,0.012483089321809655,0.0,0.0,0.0458649188779995
0,0.0,0.0,1.0,1.0,0.0,0.0,0.0,0.0,0,0.2722734237989053,0.47712125471966244,0.0,0.09195236300105118
0,0.0,1.0,0.0,1.0,0.0,0.0,0.0,0.0,0,-0.2000726388867231,0.3010299956639812,0.0,0.07447771072006155
1,1.0,0.0,0.0,0.0,1.0,0.0,0.0,0.0,1,0.4375945457388752,0.0,0.0,0.171148052587506
0,0.0,0.0,1.0,0.0,0.0,1.0,0.0,0.0,1,-0.36539376082669306,0.9542425094393249,0.47712125471966244,0.463391395845027
0,0.0,1.0,0.0,1.0,0.0,0.0,0.0,0.0,0,-0.12922072948387886,0.0,0.0,0.08452715994809684
1,0.0,1.0,0.0,0.0,1.0,0.0,0.0,0.0,1,0.2958907269331867,0.0,0.0,0.08452715994809684
1,0.0,1.0,0.0,0.0,0.0,1.0,0.0,0.0,1,-0.058368820081034604,0.3010299956639812,0.0,0.09027745479637862
0,1.0,0.0,0.0,1.0,0.0,0.0,0.0,0.0,0,0.03610039245609108,0.0,0.0,0.3357352521911404
0,0.0,0.0,1.0,1.0,0.0,0.0,0.0,0.0,0,-0.15283803261816029,0.0,0.0,0.06107844508268118
1,0.0,0.0,1.0,0.0,0.0,0.0,1.0,0.0,0,-0.6015667921695073,0.3010299956639812,0.3010299956639812,0.07202095536544786
0,0.0,0.0,1.0,1.0,0.0,0.0,0.0,0.0,0,-0.08198612321531602,0.0,0.0,0.050330894114938386
1,1.0,0.0,0.0,0.0,1.0,0.0,0.0,0.0,1,0.4139772426045938,0.3010299956639812,0.3010299956639812,0.34952577638513227
0,1.0,0.0,0.0,1.0,0.0,0.0,0.0,0.0,0,0.08333499872465391,0.0,0.0,0.030930097398575336
0,0.0,0.0,1.0,1.0,0.0,0.0,0.0,0.0,0,0.4139772426045938,0.0,0.0,0.057728628673336085
1,0.0,1.0,0.0,0.0,1.0,0.0,0.0,0.0,1,-0.034751516946753186,0.3010299956639812,0.0,0.1582231209536889
1,0.0,0.0,1.0,0.0,0.0,1.0,0.0,0.0,1,-0.3417764576924116,0.0,0.0,0.045836780420161004
0,0.0,0.0,1.0,1.0,0.0,0.0,0.0,0.0,0,-0.22368994202100453,0.0,0.0,0.06339517811138426
0,0.0,0.0,1.0,1.0,0.0,0.0,0.0,0.0,0,-0.24730724515528596,0.0,0.0,0.050330894114938386
0,0.0,0.0,1.0,1.0,0.0,0.0,0.0,0.0,0,-0.15283803261816029,0.0,0.0,0.050330894114938386
1,1.0,0.0,0.0,0.0,1.0,0.0,0.0,0.0,1,0.6265329708131265,0.0,0.3010299956639812,0.5545620091316087
1,0.0,1.0,0.0,0.0,1.0,0.0,0.0,0.0,1,-0.10560342634959743,0.0,0.3010299956639812,0.17162238659106926
0,0.0,0.0,1.0,1.0,0.0,0.0,0.0,0.0,0,0.08333499872465391,0.0,0.0,0.050330894114938386
0,0.0,0.0,1.0,0.0,0.0,1.0,0.0,0.0,1,-0.1764553357524417,0.0,0.0,0.0678899617694435
0,0.0,1.0,0.0,1.0,0.0,0.0,0.0,0.0,0,-0.034751516946753186,0.0,0.0,0.06777807790137137
0,0.0,0.0,1.0,1.0,0.0,0.0,0.0,0.0,0,-0.10560342634959743,0.0,0.0,0.04466434467689022
0,0.0,0.0,1.0,0.0,1.0,0.0,0.0,0.0,1,0.22503881753034244,0.0,0.7781512503836436,0.1925587391494761
0,0.0,1.0,0.0,0.0,0.0,0.0,0.0,1.0,0,-0.058368820081034604,0.0,0.0,0.08452715994809684
1,1.0,0.0,0.0,0.0,0.0,1.0,0.0,0.0,1,-0.24730724515528596,0.0,0.0,0.19842091786583002
0,0.0,0.0,1.0,0.0,0.0,1.0,0.0,0.0,1,-0.530714882766663,0.3010299956639812,0.47712125471966244,0.1545383229034093
1,1.0,0.0,0.0,1.0,0.0,0.0,0.0,0.0,0,-0.08198612321531602,0.0,0.0,0.19842091786583002
0,0.0,0.0,1.0,1.0,0.0,0.0,0.0,0.0,0,0.059717695590372495,0.0,0.0,0.04935408764997335